:0300030002B23D09
:10B23D00C0E0C083C082901DABE4F0A3F0D082D0FB
:04B24D0083D0E03298
:10B09F00E4900000F0A3F0901DADF0A3F0C28CC2BD
:0BB0AF008D758CDCF58AD28CD2A922B2
:109D6C00C2A3E4F593F594F591F592F595F596F576
:109D7C00B1F5B2F5B3F5B4F5C9F5CA75968475B2FB
:109D8C0042901A58F0C2A67F017E0012B186D2A66C
:109D9C00901A58E004F0E0C3940240E912B1561254
:109DAC00ADBB12B3FF12B0BA12B2F412AE9112B034
:0F9DBC001312AD2112ACD012B32412B09FD2AF4C
:019DCB002275
:03000B00028297D7
:10829700C0E0C0F0C083C082C0D075D000C000C0AD
:1082A70001C002C003C004C005C006C00712A72A48
:1082B700900CE5E004F0900F40E004F090119BE093
:1082C70004F0900001E004F07006900000E004F074
:1082D700901DAEE004F07006901DADE004F0D39061
:1082E7001DAEE094C7901DADE094004034E4F0A3C8
:1082F700F0901DACE004F07006901DABE004F09028
:108307001951E004F0901ADDE004F07006901ADCD1
:10831700E004F0901DB4E004F07006901DB3E00493
:10832700F0D007D006D005D004D003D002D001D0BA
:0C83370000D0D0D082D083D0F0D0E03253
:10A51200129D6C901688E0FF7004C2B68002D2B61B
:10A52200EFB4010312ACA512391F12A3EB129BE583
:10A53200129C4712A480129CA912B0D51295CFD3B7
:10A54200900001E094C7900000E0940040DFE4F046
:07A55200A3F012A76980D6F7
:10618C00205665723A2000207C200043505520494F
:10619C00443A2000566F6C746167653A20002056B3
:1061AC007C200053544152543100555639385F38D5
:1061BC0036385F3232303433305F4434004E4F4324
:1061CC00414C4C00333133332E39304E00003132D8
:1061DC003032322E38304500555639380000000028
:1061EC0000000000000000000000000000000000A3
:1061FC000000000000003230322E3134312E3137A5
:10620C00362E3200000000000000000000000000EC
:10621C000000000000000000000000000000000072
:10622C0000000000000000004869576946695F33B0
:10623C0034353241455F32470031333031333638F3
:10624C003430303000312C3433312E303430302C6B
:10625C003433312E303430302C302C332C30200071
:10626C000000000000000000312C3134342E363494
:10627C0030302C3134342E363430302C302C332C0E
:10628C00302C302000000000000000534F53000061
:10629C0000000000000000000000000000000000F2
:0962AC00000000000000000000E9
:10A30700ECF5C3AF058FC41205DAF5C275C65A75E9
:10A31700C6A522FFE43401FEEC93FD12AE52EC9386
:10A3270022AD07AC0675C78075F51622ECF5C3AFED
:10A33700058FC4227FD112AE527FD202AE527D0169
:0CA3470012AE521D22E4FD12AE520D2297
:10868800901A5CEFF012A7E4129072901A5CE06402
:10869800017BFF7A61798C703512A9B87BFF7A610A
:1086A80079B612870C7A61799712A9B87B017A1D7D
:1086B800795412870C7A6179A012A9B87B017A1DC6
:1086C80079A212A9B87BFF7A6179AA02A9B812A97E
:1086D800EB7BFF7A6179B612871B7A61799712A9C9
:1086E800EB7B017A1D795412871B7A6179A012A954
:1086F800EB7B017A1D79A212A9EB7BFF7A6179AA3B
:1087080012A9EB2212A9B87BFF7A61799312A9B852
:108718007BFF2212A9EB7BFF7A61799312A9EB7B8D
:02872800FF222E
:0EB35100E4F5C7F5C5F5C675C3FF75C4FF2248
:10B28A0012A32875C50112A33312A31300AFC20279
:02B29A00B351AE
:10B25100AD07AC0612A33312A32C75C50312A313B9
:03B2610002B351E4
:10AED70012A32875C50212A307000DBD00010C744B
:10AEE7000129F9E43AFA901A62E014F070E802B323
:01AEF7005109
:07AE4B007F2E12AE527F2F93
:10AE5200AB07AA0612A32C75C502EAF5C3AF038F8E
:0CAE6200C4AF058FC212A3130002B3514D
:10ACF90012A32875C5021205DA601212A307000D06
:10AD0900BD00010C740129F9E43AFA80E912A33370
:08AD1900E412A3110002B35182
:10A89800E4FFFE12B251E4901A99F0A3F0901A99CD
:10A8A800E0FEA3E0FF244EF58274163EF583E0FD3A
:10A8B80012AE52901A9AE004F07006901A99E004C9
:0AA8C800F0C3901A99E0940240D307
:01A8D2002263
:10ADBB00E4FBFAAF03AE0212B28A744E2BF5827427
:10ADCB00163AF583EFF00BBB00010AE4B503E4EA96
:03ADDB00B402E0DF
:01ADDE002252
:05269C00901A5CEFF054
:1026A100E4FFFE12B251E4FDFF12AE527D147F0130
:1026B10012AE52E4FD7F0212AE527F0312AE527F80
:1026C1000412AE527F0512AE527F0612AE527D0346
:1026D1007F0712AE527BFF7A6179C9901A62740743
:1026E100F07F0812AED77D077F0F12AE527F101216
:1026F100A3457F1112AE527D217F1212AE527D2F62
:102701007F1312AE527D5B7F1412AE527F1512A35E
:102711004C7F1612AE527F1712AE521D7F1812AEA9
:10272100527F1912AE527F1A12AE527F1B12AE5255
:102731007F1C12AE527F1D12AE520D7F1E12AE5281
:102741001D7F2A12AE520D7F2B12AE527D157F2CAA
:1027510012AE527F2D12A34C12AE4B7F3A12AE52E3
:102761001D7F3B12AE527F3C12AE527F3D12AE52E4
:102771007F3E12AE527F3F12AE527BFF7A6179D01B
:102781007F2012ACF97A6179DA7F3012ACF97A6183
:1027910079E47F4012ACF9E4FD7FA012AE520D7FC7
:1027A100A112AE527FA212AE521D7FA312AE527F72
:1027B100A412AE527FA512AE520D7FA612AE521DCB
:1027C1007FA712AE520D7FA812AE527FA912AE5250
:1027D1007FAA12AE527FAB12AE527FAC12AE527FC5
:1027E100AD12AE527FAE12AE521D7FAF12AE5290FD
:1027F1001A5CE07BFF70087A6279517F8080087AE9
:102801006279747F807E0012ACF97D017FB07E0019
:1028110012AE527FB112AE527FB212AE521D7FB3D1
:1028210012AE527D387FB412AE527DF47FB512AE36
:1028310052E4FD7FB612AE527FB712AE527FB8128C
:10284100AE527FB912AE527FBA12AE520D7FBB1299
:10285100AE527D5C7FBC12AE527D507FBD12AE5236
:10286100E4FD7FBE12AE527DB47FBF12AE52E4FCD6
:10287100EC24C0FFE433FEEC90620212A320600559
:102881000CECB420EBE4FCEC240090623412A31AAB
:1028910060050CECB40FF0E4FCEC241090624512DE
:1028A100A31A60050CECB40FF0E4FCEC24B0FFE4D7
:1028B1003401FEEC90629712A32060050CECB41E6B
:1028C100EAE4FD7FD07E0112AE520D12A33B7FD30D
:1028D10012AE527D067FD412AE52E4FD7FD512AE08
:1028E100527FD612AE527FD712AE527BFF7A6179F8
:1028F100AF901A627407F07F2012AED77F2712A320
:10290100457F2812AE527F2912AE527D647F2A1272
:10291100AE527D017F2B12AE521D7F2C12AE527F23
:102921002D12AE5212AE4B127374E4FD7F307E0154
:1029310012AE527F3112AE5212A33B7FDF12AE5262
:082941007D037F1F1E02AE5250
:10B156007F1F7E0012B28AEF64037F016009122608
:08B166009C75C7207F00222226
:1030C000615E040400000000000000000000000039
:1030D00000000000000000000000000000000000F0
:1030E00000000000000000000000000000000000E0
:1030F00000000000000000000000000000000000D0
:1031000000000000000000000000000000000000BF
:1031100000000000000000000000000000000000AF
:10312000000000000000000000000000000000009F
:10313000000000000000000000000000000000008F
:10314000000000000000000000000000000000007F
:10315000000000000000000000000000000000006F
:10316000000000000000000000000000000000005F
:10317000000000000000000000000000000000004F
:10318000000000000000000000000000000000003F
:10319000000000000000000000000000000000002F
:1031A000000000000000000000000000000000001F
:1031B000000000000000000000000000000000000F
:1031C00000000000000000000000000000000000FF
:1031D00000000000000000000000000000000000EF
:1031E00000000000000000000000000000000000DF
:1031F00000000000000000000000000000000000CF
:1032000000000000000000000000000000000000BE
:1032100000000000000000000000000000000000AE
:023220000000AC
:08B427007F1D7EB7DEFEDFFC95
:01B42F0022FA
:10B16E00AD07AC06ED4C600FED1DAE0470011C4E2C
:08B17E00600512B42780F122E4
:0CB3B3007F037ECF7D1CDDFEDEFCDFFA98
:01B3BF00226B
:10B18600AB07AA06EB4A600FEB1BAE0270011A4E24
:08B19600600512B3B380F12241
:10AF7A00E0FF901A69E0FE04F074A22EF582E43430
:0FAF8A001DF58322901A69E0FF04F074A22F22B4
:0AB3FF0043918075DE0F75BC8722B4
:10AAB400E4F5BDF5BEE5BC548044404FF5BC000050
:10AAC4000000E5BC30E5FB53BCDFE5BEC4540FFD1C
:10AAD4007C00AFBDEF75F010A42DFFEC35F0FE2225
:109072007F0712AAB4AC06AD07E41203C3901A63C9
:109082001208987FBA7E497D1C7C41901A63E0F8F1
:10909200A3E0F9A3E0FAA3E0FB12018E7B0A7AD7E0
:1090A200792378421202971203FC901A67EEF0A31A
:1090B200EFF0129FFCC3901A68E094E8901A67E000
:1090C2009403E4901A6950028008F0901D4F12AF89
:1090D2007AEFF0901D5012AF7AEFF012AF8E12AF0E
:1090E20086742EF0901D5112AF7AEFF012AF8E12ED
:0490F200AF86E4F071
:0190F6002257
:06B460002000200D0A008F
:10AF99007C00AF03AE021206667C007D0A120666CB
:0FAFA900ED243022743B2FF582E4341DF5832212
:10B2E400EFD394394005EF24C9FF2274D02FFF22F5
:10B29C00EF540FFFD39409EF50042430FF222437CE
:02B2AC00FF227F
:109FFC00AB07AA067C277D1012AF9F901D52F07CF8
:10A00C00037DE812AF9B901D4FF07D6412AF99A3B6
:10A01C00F07D0A12AF99A3F0AE02AF0312AFA2FF0C
:10A02C00901D53F0901D52E0901D45F0901D4FE097
:10A03C00901D46F0901D50E0901D47F0901D51E092
:0BA04C00901D48F0A3EFF0E4A3F02209
:10ADDF00901A69EFF0E0C4540FFF12B29C12B44006
:10ADEF00901A69E0FF12B29C12B4407BFF7AB479DB
:04ADFF006002A9EB5A
:10971900901A62EBF0A3EAF0A3E9F0A3ECF0A3ED51
:01972900F04F
:10972A007FC012ADDFE4FF12ADDFE4901A67F0A349
:10973A00F0901A65E0FEA3E0FFA3E0FCA3E0FDC3FE
:10974A009FEC9E5026901A62E0FBA3E0FAA3E0F990
:10975A008D828C831205F3FF12ADDF901A68E00444
:10976A00F070CE901A67E004F080C67FC012ADDFB9
:09977A007BFF7AB4796202A9EBCD
:10A7E4007EF1E4FDA806E6FC0EC4540FFF12B29CF1
:10A7F400ED25E02454F582E4341DF583EFF0AF0435
:10A8040012B29CED25E02455F582E4341DF583EF66
:0BA81400F00DEDB407CEE4901D62F0E3
:01A81F002216
:0E917B00901A71EEF0A3EFF0A3ECF0A3EDF06C
:10918900E4FFFEEEFD901A72E02DFD901A71E034B5
:1091990000FC744E2DF58274163CF583E0F9600BE2
:1091A90012AFADE9F00F0EEEB406D812AFAD742DC3
:1091B900F00F901A73E0FCA3E0244EF58274163C7C
:1091C900F583E0FEC3940AEE75F00A500280148418
:1091D90075F00A84E5F02430FD12AFADEDF00FEE25
:1091E90075F00A84E5F02430FE12AFADEEF00F12EF
:0491F900AFADE4F042
:0191FD00224F
:10B0D500128AD5BF051312AB7212AA517F027E00E8
:0AB0E50012B18612718712928122C7
:10AC2400475053204F4E0D0A005761697420475016
:10AC340053204C6F636B200D0A00475053204F463E
:0BAC4400460D0A0041505556393800FB
:1080880074D42FF582E4341AF583E0FF901A5DE08A
:108098002404F582E43400F583EFF0901A5DE004DF
:1080A800F022901A5DE02404F582E43400F583227E
:1080B800E4FAF9F8901A5FE0FCA3E0FDA3E0FEA360
:1080C800E0FF12A59DE47B0AFAF9F812A59DEB24BE
:1080D8003022A3E02FFFE433FE74042FF5827400EE
:1080E8003EF5837440F0901A5CE004F022901A5C2C
:1080F800E0FFC3940622F583E025E0FEEFFD901A29
:108108005DE02DFDE433FC74042DF58274003CF52C
:1081180083EE22901A5CE0FFC322E4FAF9F8E0FC4F
:10812800A3E0FDA3E0FEA3E0FF22901678E064013F
:018138002224
:1011030090165EE0FF901A5EF0BF0103126F82E457
:10111300901A5DF0128132703F901A5EE0B4011FA5
:10112300E4901A5CF01280F5504774782FF582E44E
:10113300341DF583E025E01280931280EE80E6E40F
:10114300901A5CF01280F55028EF90AC489325E09C
:101153001280931280EE80ECE4901A5CF01280F51A
:10116300500FEF90AC489325E01280931280EE80ED
:10117300EC1280AA74601280A2E4901A5CF01280D0
:10118300F550051280DA80F6E4901A5CF01280F5CF
:10119300502574562FF582E43416F583E0601890D9
:1011A3001A5CE02456F582E43416F583E025E01258
:1011B30080931280EE80D690165DE0FF901835E0A4
:1011C300FE90183DE0F9901A5D740DF0EE700CE995
:1011D3007009EF25E04461FF02129DEF25E044E032
:1011E300128093EE6065E4901A5CF01280F550056E
:1011F3001280DA80F6E4901A5CF01280F5502074C5
:101203002E2FF582E43418F583E06013901A5CE026
:10121300242EF582E434181280FE1280ED80DB90D8
:101223001A5DE02406F0901835E025E04460FF9055
:101233001A5DE0FE1280AEEFF0E9700C74042E121A
:1012430080B0E04401F080001280A3E9604FE49095
:101253001A5CF01280F550051280DA80F6E4901AD9
:101263005CF01280F5502074362FF582E43418F5C3
:1012730083E06013901A5CE02436F582E43418129C
:1012830080FE1280ED80DB901A5DE02406F090185A
:101293003DE025E04461FF901A5D1280971280AA19
:1012A30074031280A21280AD74F01280A2128132F4
:1012B3006003021381901A5EE0B4011FE4901A5C8C
:1012C300F012811B940E400302147474642FF58290
:1012D300E4341D1280901280EE80E6901660128036
:1012E30092E4901A5CF012811B94085010741E2F24
:1012F300F582E4341B1280901280EE80E9901ADBB1
:10130300E0B4020590170A8003901661128092E4FC
:10131300901A5CF012811B94095010740A2FF58205
:10132300E4341B1280901280EE80E9901ADBE0B463
:10133300020590170B8003901662128092901AD2C6
:101343001216681280AD742F1280A2901B0312161E
:10135300681280AD742F1280A21280AD7441128086
:10136300A21280AD743D1280A2E4901A5CF0128048
:10137300F540030214741280881280EE80F09016F8
:1013830060128092E4901A5CF012811B9408501052
:10139300746E2FF582E434161280901280EE80E989
:1013A300901661128092E4901A5CF012811B9409EA
:1013B3005010747E2FF582E434161280901280EE62
:1013C30080E9901662E0FF1280AAEF12160C1280D9
:1013D300AD742F12160C1280AD742F1280A21280DE
:1013E300AD74411280A21280AD743D1280A2901799
:1013F30077E0FEA3E07C002400FDEC3EFCE4120356
:10140300C37BA17AF87951784012018E1203FC90C4
:101413001A5F1208987BA07A86790178001280BC43
:10142300901AD4F0E47B107A271280BA901AD5F080
:10143300E47BE87A031280BA901AD6F07B641280B8
:10144300B8901AD7F07B0A1280B8901AD8F07B0AAA
:10145300901A5F1281221280D3901AD9F0E4A3F07C
:10146300901A5CF01280F550081280881280EE808A
:10147300F3E4901A5CF012811B943C502A748E2F73
:10148300F582E43416F583E0FF601C128094E0FFDC
:10149300D39464400D74042F1280B0747E1280A222
:1014A30080051280EE80CF127E6190168CE064017D
:1014B3007051128132704C1280AA74201280A27B68
:1014C30064901B40128122120772129FFC901D52DE
:1014D300128092901D4F128092901D501280929014
:1014E3001D511280921280AD742E1280A2901D5352
:1014F3001280921280AD744B1280A21280AD746D73
:101503001280A290168AE0640170361280AA7420B9
:101513001280A2129072E4901A5CF0901A5CE0249C
:10152300A2F582E4341DF583E0FF600D1280AAEF7B
:101533001280EDA3E004F080E21280AA74561280B8
:10154300A212391F90168BE064017036300F3312EC
:1015530080AA74201280A2E4901A5CF0901A5CE0D6
:101563002487F582E4341CF583E0FF600D1280AA22
:10157300EF1280EDA3E004F080E21280AA7443121C
:1015830080A2901689E064017046300F431280AA4E
:1015930074201280A2E4901A5CF0901A5CE0247C20
:1015A300F582E4341CF583E0FF600D1280AAEF128C
:1015B30080EDA3E004F080E21280AA74681280A296
:1015C3001280AD74501280A21280AD74611280A299
:1015D300128132702490168DE06401701C1280AA6F
:1015E30074201280A21280AD74531280A2901AF656
:1015F300128092901AF7128092901A5DE0FF900683
:0816030090E4F0A3EFF07F0179
:10160B0022F0901A5DE004F0E4FFFE129FFC901DA7
:10161B0050E0FF901A5DE02404F582E43400F5837A
:10162B00EFF0901A5DE004F0901D51E0FF901A5D11
:10163B00E02404F582E43400F583EFF0901A5DE0CA
:10164B0004F0901D53E0FF901A5DE02404F582E452
:10165B003400F583EFF0901A5DE004F022E0FEA376
:10166B00E0FF129FFC901D50E0FF901A5DE02404F8
:10167B00F582E43400F583EFF0901A5DE004F0900E
:10168B001D51E0FF901A5DE02404F582E43400F56F
:10169B0083EFF0901A5DE004F0901D53E0FF901A79
:1016AB005DE02404F582E43400F583EFF0901A5DDD
:0416BB00E004F02235
:10AAE40090167BE0B4010D20A70AD2A77BFF7AACB5
:10AAF40079248010901678E0B4010C2003097BFFC0
:10AB04007AAC792D02A9EB121103E4FF1287CA2251
:1095CF00901650E0B4012990164EE0FEA3E07C0007
:1095DF002400FFEC3ECF24FFCF34FFFED3901DB409
:1095EF00E09F901DB3E09E4007E4F0A3F012AAE4C1
:1095FF00901650E0B401047F0180027F0090165155
:10960F00E0B401047E0180027E00EE4F60249016CC
:10961F007BE0B4011D901678E0B4011630A713302B
:10962F00031012AAE4C2A7C2037BFF7AAC793E12E1
:03963F00A9EB2272
:109B8300444947492031204F4E0D0A004449474973
:109B93002031204F46460D0A0044494749203220D0
:109BA3004F4E0D0A00444947492032204F46460D87
:109BB3000A004E4F57205253540D0A00574944454B
:109BC300312000005749444532200000574944459D
:109BD30031200000574944453220000031323334EC
:029BE300353615
:10992800FD745D2EF582E4341AF583EDF0745E2F34
:10993800F582E4341AF583E4F0901A67E004F02223
:10994800E0240AF582E43400F58322FDE02DFDE4ED
:1099580033FC74042DF58274003CF58322901A5A66
:10996800E0FBA3E0FAA3E02274612FF582E4341A45
:10997800F58322F0901A5FE004F022745B29F582E7
:06998800E4341AF583220D
:106D7400E4901A67F0901A67E0FFC394065011E09C
:106D8400FE2426F582E43418F583E012992880E580
:106D9400901A787401F0A3741AF0A3745DF07B0167
:106DA4007A047904127DA2901A5AEBF0A3EAF0A3B4
:106DB400E9F01299654A4B7003026E6FE4901A670A
:106DC400F0901A67E0FFC394085016129965F99081
:106DD4001A67E0FEF5827583001205F31299288084
:106DE400E0901A63E0B44111A3E0B4310C9018456B
:106DF400126E727A9B7983804E901A63E0B44115C7
:106E0400A3E0B43010E4901845F012A8987BFF7A00
:106E14009B798F8032901A63E0B44211A3E0B431BD
:106E24000C90184D126E727A9B799C801A901A639A
:106E3400E0B44219A3E0B43014E490184DF012A861
:106E4400987BFF7A9B79A812A9EB7F0122901A63A1
:106E5400E0B45214A3E0B4300F7BFF7A9B79B512EF
:0D6E6400A9EB75C7207F01227F01227F006E
:0A6E7100227401F012A8987BFF22A2
:0E7A7400901A5AEBF0A3EAF0A3E9F0A3EDF0AC
:107A8200129948E0541EC313901A5EF070037F01EE
:107A920022E4901A5FF0901A5FE0FFC39406500A46
:107AA200129970742012997B80ECE4901A5FF09026
:107AB2001A5FE0FFC394065026901A5A129968F989
:107AC2008F827583001205F3901A60F06011E0FF57
:107AD200901A5FE02461129973EF12997B80D0E4CF
:107AE200901A5FF0901A5FE0FF901A5D129953E0CE
:107AF200C313FE129970E06E60037F002212997C1C
:107B0200E0B406E0901A5EE014F0E025E0F0901A8E
:107B12005DE0FF129949E054E1F0740A2F12994B8B
:107B2200C083C082E0FF901A5EE0FEEF4ED082D0AA
:107B320083F0EE700A901A5D129948E04480F07F5B
:017B42000240
:017B4300221F
:05849900901A5AEFF0FB
:10849E00900690E0FEA3E0FFD394E8EE9403400331
:1084AE0002853F901656E0700302853FAE07901A84
:1084BE005AE0FDC3EF9D04FCE4F9E9C39C501C7423
:1084CE00042EF582E43400F583E0FD740B2EF58264
:1084DE00E43400F583EDF01E0980DF7906901A5B17
:1084EE007440F0A3D9FCE4F9745629F582E43416ED
:1084FE00F583E0600D25E0FE129983EEF009E9B4F4
:10850E0006E690165DE025E044E0901A61F0E4F98D
:10851E00129983E0FFE9901A5A129953EFF009E984
:10852E00B407ED900691E02407F0900690E0340039
:01853E00F04C
:01853F002219
:10A98200901823E0D394004021E4901A5AF09018D2
:10A9920023E0FF901A5AE0C39F500F7F287E0012D7
:10A9A200B186901A5AE004F080E47F067E0012B16C
:06A9B200867F010287CA46
:10928100126D74901845E0700690184DE06064907E
:109291000011E020E05D901A59740DF0E4901A5825
:1092A100F0901845E0600C7A18793E1292F5BF02F1
:1092B10002801090184DE060167A1879461292F5E6
:1092C100BF020C901A59E004FF12849902A98290FE
:1092D1001A59E0240BF582E43400F583E020E01311
:1092E100901A59E02407F0901A58E004F0E0C39472
:0392F1000640AE86
:0D92F400227B01901A59E004FD127A7422C9
:10737400E4901A5DF0901A5DE0FD24E0909BBF124A
:10738400740B40F17FE612744C7D017FE712745454
:10739400901A5DE0FD24E8909BC712740B40F17FC6
:1073A400EE1274377FEF127440901A5DE0FD24F002
:1073B400909BCF12742140F17FF61274377FF7123D
:1073C4007440901A5DE0FD24F8909BD7127421401C
:1073D400F17FFE12744CE4FD7FFF127454901A5D29
:1073E400E0FD24D8FFE43401FEED909BDF93FD1211
:1073F400AE52901A5DE004F0E0C3940640DFE4FD71
:077404007FDE7E0102AE52A3
:10740B00FFE43401FEED93FD12AE52901A5DE004E1
:10741B00F0E0C3940622FFE43401FEED93FD12AEBF
:10742B0052901A5DE004F0E0C3940622E4FD7E0165
:10743B0012AE52E422FD7E0112AE52E4901A5DF0C0
:10744B0022E4FD7E0112AE52227E0112AE52E49076
:04745B001A5DF022A4
:10371F00000011892312329B462457AD653674BFC2
:10372F008C489DC1AF5ABED3CA6CDBE5E97EF8F772
:10373F00108101083393221A56A5472C75B7643EA2
:10374F009CC98D40BFDBAE52DAEDCB64F9FFE87652
:10375F002102308B02101399672676AF443455BD82
:10376F00AD4ABCC38E589FD1EB6EFAE7C87CD9F532
:10377F003183200A1291031877A7662E54B5453C62
:10378F00BDCBAC429ED98F50FBEFEA66D8FDC97412
:10379F004204538D6116709F042015A9273236BB42
:1037AF00CE4CDFC5ED5EFCD7886899E1AB7ABAF3F2
:1037BF005285430C7197601E14A1052837B3263A22
:1037CF00DECDCF44FDDFEC5698E98960BBFBAA72D2
:1037DF006306728F4014519D252234AB063017B902
:1037EF00EF4EFEC7CC5CDDD5A96AB8E38A789BF1B2
:1037FF007387620E5095411C35A3242A16B10738E2
:10380F00FFCFEE46DCDDCD54B9EBA8629AF98B7091
:10381F0084089581A71AB693C22CD3A5E13EF0B7C1
:10382F00084019C92B523ADB4E645FED6D767CFF71
:10383F0094898500B79BA612D2ADC324F1BFE036A1
:10384F0018C109483BD32A5A5EE54F6C7DF76C7E51
:10385F00A50AB48386189791E32EF2A7C03CD1B581
:10386F00294238CB0A501BD96F667EEF4C745DFD31
:10387F00B58BA40296998710F3AFE226D0BDC13461
:10388F0039C3284A1AD10B587FE76E6E5CF54D7C11
:10389F00C60CD785E51EF497802891A1A33AB2B341
:1038AF004A445BCD695678DF0C601DE92F723EFBF1
:1038BF00D68DC704F59FE41690A98120B3BBA23221
:1038CF005AC54B4C79D7685E1CE10D683FF32E7AD1
:1038DF00E70EF687C41CD595A12AB0A3823893B101
:1038EF006B467ACF485459DD2D623CEB0E701FF9B1
:1038FF00F78FE606D49DC514B1ABA02292B98330E1
:10390F007BC76A4E58D5495C3DE32C6A1EF10F7890
:05964200901A67EDF035
:1096470074FFA3F0A3F0901A67E0D39400403F1291
:1096570005DAFF901A68A3E06F25E0FFE433FE7494
:109667001F2FF58274373EF583E493FC740193FD55
:10967700901A68E0FFECFEED6FFFEEF0A3EFF090BD
:109687001A67E014F0740129F9E43AFA80B8901ADD
:1096970068E0FEA3E0F4FFEEF4FCEF901DB6F0AE39
:0696A70004EE901DB5F079
:0196AD00229A
:10AE0300900690E0FCA3E02404F58274003CF583F3
:10AE130022C313F04480F0A3E004F0E022901DAFBE
:04AE2300E0640322C2
:0CB3E700E4F5D875F9FA75E910D2DE2201
:0EB35F00E4F5D875F9FDF5E9D2DE30DFFD2208
:10A1B6007B017A007904900690A3E024FEFD1296B6
:10A1C60042900690E0FCA3E0FD2402F58274003C78
:10A1D600F583E0FF901DB6E06F60037F00227403F5
:10A1E6002DF58274003CF583E0FF901DB5E06F60AD
:10A1F600037F0022900691E024FEF0900690E03462
:05A20600FFF07F0122C2
:108D2C00E4901DAFF0A3F012008EEF30E004C29679
:108D3C008002D296A2969201E4901DB1F0901DBDD6
:108D4C00F012B35F901DB0E0FFC313F0A3E0B406C4
:108D5C0016901DBDE004F0E0B4030C901DAF74033D
:108D6C00F0E4901DB1F022E4901DB1F0C20220029B
:108D7C00D012B3E720DF2612008EEE20E207901D02
:108D8C00AF7404F022EF30E004C2968002D296A2B7
:108D9C0096300101B350DDA2969201D2022002CE90
:108DAC00901DB0E012AE14B407C4901DAF7405F062
:018DBC002294
:108ED600E4901DB2F0901DBEF0901DBEE0C3940854
:108EE600507812B3E720DF2C12008EEE20E20790B6
:108EF6001DAF7404F022EF30E004C2968002D296D1
:108F0600A296300101B35008A2969201D2028004C3
:108F1600C20280D120021A901DB0E0FF12AE14B436
:108F26000707901DAF7405F022901DBEE004F08087
:108F3600A812B35F901DB1E0FFB40604A37401F05C
:108F4600EF6405600D901DB0E0C313F0901DBEE008
:0A8F560004F0E4901DB1F0028EDF7C
:018F600022EE
:10872A00E4900690F0A3F0128D2C12AE2060037F25
:10873A000122901DB0E0647E60037F0222128ED671
:10874A00901DB0E0FEB47E0812AE2060F07F0322D6
:10875A00E4900690F0A3F012AE03EEF0900691E0DA
:10876A0004F07006900690E004F0128ED612AE2045
:10877A0060037F0422901DB0E0FF12AE03EFF09079
:10878A000691E004F07006900690E004F0D390069B
:10879A0091E094E8900690E0940340037F052290CC
:1087AA001DB2E0B401C4900691E024FFF090069057
:1087BA00E034FFF012A1B6BF01037F06227F072231
:10A35300120898E47B597A20901A63F9F8E0FCA379
:10A36300E0FDA3E0FEA3E0FF02A59D901B037D0A91
:10A37300E0FEA3E0FF7C00020666E024D075F00A4D
:10A38300A4FFA3E024D02F241C22AC00AD01AE0215
:0CA39300AF03020898A3A3A3E02421223A
:1057D500EFB40700504A9057E2F82828730257F7AC
:1057E5000257FB02580302580802580F02581702C5
:1057F500581E7C0180167C017D01E4FE80267C011B
:10580500E480187C01E4FDFE801AE4FC7D017E0144
:105815008012E4FC7D01FE800BE4FCFD7E0180042A
:10582500E4FCFDFEECB40115901B1EE0FFB420085E
:10583500901D78745AF0800DEF24208004901B1E73
:10584500E0901D78F0EDB40115901B1FE0FFB4202A
:1058550008901D79745AF0800DEF24208004901B68
:105865001FE0901D79F0EEB40115901B20E0FFB408
:105875002008901D7A745AF0800DEF242080049042
:105885001B20E0901D7AF0901B25E0B44E19901B6B
:1058950021E0FFB42008901D7B745AF0801BEF2493
:1058A50020901D7BF08012901B21E0FF901D7BB4A2
:1058B5002005744CF08002EFF0901D82E0B464196D
:1058C500901B23E0FFB42008901D7C745AF0801BC8
:1058D500EF2420901D7CF08012901B23E0FF901D8B
:1058E5007CB42005744CF08002EFF0901B12E0B4FC
:1058F5005717901B24E0FFB42007901D7D745AF0C4
:1059050022EF2420901D7DF022901B24E0FF901DA6
:0A5915007DB42004744CF022EFF082
:01591F002265
:109D0B00901D647460F0901B0BE024D075F00AA4D6
:109D1B00FF901B0AE024D075F064A42FFF901B0C5E
:109D2B00E024D02FFFC3940A5005EF24768027EF51
:109D3B00C39464500DEF241C901D65F0E4901D82BC
:109D4B00F022EFC3946E5005EF24088009EFC39403
:109D5B00B4500DEF24B8901D65F0901D827464F023
:019D6B0022D5
:106F8200129D0B901B0D12A37D901D66F0C39426DB
:106F92005004E0243CF0901B1012A37D901D67F07A
:106FA20012A36EAB07EBC39414EB241C901D68F084
:106FB20012A36EAB05901AD27D6412A373EF241C48
:106FC200FFEB75F00AA42F901D69F0901AD2E0FE33
:106FD200A3E0FF7C007D64120666AF05EF241C90DF
:106FE2001D6AF0901ADBE0B4020D90170BE0901DC1
:106FF2006BF090170A800B901662E0901D6BF09078
:107002001661E0901D6CF0901AF2E0FCA3E0FDA383
:10701200E0FEA3E02410FFEE3427FEE43DFDE43C55
:10702200FC901A6312A353901A6712A353901A6B1F
:1070320012A38DE47B5BFA901A6B12A35E901A6F17
:10704200120898E47B5BFAF9F8901A6B12A360902D
:107052001A7312A38D901D6D7460F0901A6712A3BB
:1070620098901D6EF0901A6F12A398901D6FF09079
:107072001A7312A398901D70F0A3747DF090165F9E
:05708200E0FF0257D5FC
:105CD000EF2BFBEE3AFAED39F9EC38F8901A61E067
:105CE000FEA3E0FFE4FCFDEB2FFFEA3EFEED39FDF5
:105CF000EC38FCEF249BFFEE34A1FEED34FBFDEC11
:105D000034FFFCA31208987F0122901A63E0FCA3E1
:105D1000E0FDA3E0FEA3E022FD74D52FF582E4347C
:105D20001BF58322EE75F00A84E5F0243022F5831A
:105D3000E0FD901A61E4F0A3EDF0E4FCFD7B5BFA7A
:105D4000F9F80206E774042FF582E43400F583E0E5
:105D500022E4FDFC901A63E0F8A3E0F9A3E0FAA3C3
:105D6000E0FBC3020812FEED9400FDEC9400FC90F1
:105D70001A63020898901A5DE0FEA3E0FFE4FCFDC0
:105D80007B597A20F9F80206E7F583E0901A5FFF65
:105D90007E00EEF0A3EFF022F583E024E4901A58A1
:105DA000F02224E4FFE034FFFE7C007D0A22F5832C
:105DB000E0901A5DFDE4F0A3EDF0227420901BCE7C
:105DC000F0901C05227420901BD1F0901C0022241E
:105DD00009F582E43400F583E022901BCB7420F0B7
:105DE00022901A68E0FFC322901BCC7420F022900E
:105DF0001A69E0FFC322901BCD7420F02275F00ACF
:045E000084243022A4
:10AA83007F06E4FE125D4520E00E74072FFF0EEEF5
:10AA9300D3940840EF7F00220F0F0F125D45FEB4E1
:10AAA30027028004EEB46006901DB8EFF0227F0009
:01AAB3002280
:103CF200E4FEFDFC74042C125D48C313FB74672CB4
:103D0200F582E4341AF583EBF00CECB406E6901A73
:103D120067E0FCC39450400DECD394595007EC2457
:103D2200E0901BCBF0901A67E0FFC39441400DEF87
:103D3200D3944A5007EF24EF901BCBF0901A67E020
:103D4200FFB44B03125DDAEFB45A03125DDA901A34
:103D520067E0B44C03125DDA901A67E0FFC3943A4D
:103D62005005901BCBEFF0125DE19450400DEFD364
:103D720094595007EF24E0901BCCF0125DE194417E
:103D8200400DEFD3944A5007EF24EF901BCCF090F4
:103D92001A68E0FFB44B03125DE8EFB45A03125DF8
:103DA200E8901A68E0B44C03125DE8125DE1943ABF
:103DB2005005901BCCEFF0125DEF9450400DEFD305
:103DC20094595007EF24E0901BCDF0125DEF94411F
:103DD200400DEFD3944A5007EF24EF901BCDF090A3
:103DE2001A69E0FFB44B03125DF6EFB45A03125D99
:103DF200F6901A69E0B44C03125DF6125DEF943A44
:103E02005005901BCDEFF0901A6AE0FFC39450402A
:103E120009EF24E0125DBD744EF0901A6AE0B45AC4
:103E220006125DBB744EF0901A6AE0FFB44C0612A3
:103E32005DBB7453F0EFC3943A5007EF125DBD744B
:103E420053F0901BCF742EF0901A6BE0FFC3945086
:103E52004009EF24E0901BD0F07A64901A6BE0B432
:103E62005A08901BD07420F07A64901A6BE0FFB469
:103E72004C08901BD07420F0E4FAEFC3943A500738
:103E8200901BD0EFF0E4FA901A6CE0FFC39450401C
:103E920009EF24E0125DC77457F0901A6CE0B45A2F
:103EA20006125DC57457F0901A6CE0FFB44C06120E
:103EB2005DC57445F0EFC3943A5007EF125DC774C5
:0F3EC20045F0901C05E0901BD2F0E4A3F0AF0296
:013ED10022CE
:101A570012AA83EF7006901DB7F0FF22123CF29096
:101A67001DB8E0FD2405F582E43400125D98EFB45B
:101A77006404E02464F0901A58E0FFC394B4400A69
:101A8700EFD394BD5004E024B0F0901A58E0FFC3A0
:101A970094BE400AEFD394C75004E02442F0901A52
:101AA70058E0FE75F064842430901BBDF0EE75F0AD
:101AB7000A84125D25A3F0901A58E0125D25901B49
:101AC700BFF074062DF582E43400125D98C3943C90
:101AD7004004E024C4F0901A58E0FD125DFD901B0D
:101AE700C0F0ED125D25A3F0A3742EF0901DB8E0B1
:101AF700FD2407F582E43400125D98E0FE125DFDD7
:101B0700901BC3F0125D24A3F0901C00E0901BC54E
:101B1700F0E4A3F074082DF582E43400F583E0FFC8
:101B2700901A59E4F0A3EFF0901DB8E0125DCF9042
:101B37001A5B125D8F24E4FFEE125DA6120666AAF9
:101B470006AB07901A5AE0901A59125DA212065472
:101B5700EF2BFFEE3AFEE4FD125D6F7F207E03124E
:101B67005D51400C125D0A9420FFEE9403125D66EE
:101B7700125D0AFFEC1203BE7BF67A28799478414E
:101B870012018E1203FC121DAF901D52E0901C1A19
:101B9700F0901D4FE0901C1BF0901D50E0901C1C16
:101BA700F0901D51E0901C1DF0A3742EF0901D5372
:101BB700E0901C1FF0E4A3F0901DB8E0FF125DCF8A
:101BC700901A5B125DB4740A2FF582E43400F58332
:101BD700E0FB7A00901A5CE0901A5B125DA2120695
:101BE700667E007F64120654EB24E4FDE434FFCDE7
:101BF7002FFFED3EFEE4FCFD125D6F7F907E01122C
:101C07005D51400C125D0A9490FFEE9401125D66DF
:101C1700901A63121DC3901D50E0901C06F0901D92
:101C270051E0901C07F0901D53E0901C08F0E4A3CE
:101C3700F0FF901DB8E0F92410F582E43400F58335
:101C4700E0647D703B901DB8E0FF240DF582E4341D
:101C570000125DAE740E2FF582E43400125D8974B4
:101C67000F29F582E43400125D2EC004C005C006BA
:101C7700C007125D75D003D002D001D000125CD02E
:101C8700901DB8E0F92411F582E43400F583E0648F
:101C97007D703B901DB8E0FF240EF582E4340012FE
:101CA7005DAE740F2FF582E43400125D897410293C
:101CB700F582E43400125D2EC004C005C006C007DB
:101CC700125D75D003D002D001D000125CD0EF6452
:101CD70001705A125D0AFFEC1203BE901C01120834
:101CE70098125D0AFFEC33901A635011A3A3A3E087
:101CF700120804121DAF901C10742D800A121DC308
:101D0700901D52E0901C10F0901D4FE0901C11F0B8
:101D1700901D50E0901C12F0901D51E0901C13F0A4
:101D2700901D53E0901C14F0E4A3F0800A901C016E
:101D37001208A400000000901DB8E0240BF582E40F
:101D47003400F583E0901BE1F0E4FF7E0774042E76
:101D5700125D48C313901A58F064206007E0125DC3
:101D670018EDF00F0EEEB40DE4900011E0541EC311
:101D770013FED394004025125D19742DF00FEEC3A6
:101D8700940AEE50044430800C125DFD125D18ED8C
:101D9700F00F125D24FE125D19EEF00F125D19E4CB
:071DA700F0901DB704F0FFEE
:101DAE0022901A63120898901A63A3A3E0FEA3E090
:101DBE00FF129FFC22A3A3E0FEA3E0FF129FFC22D2
:10B2AE0024475057504C2C00000024475057504C08
:02B2BE002C0062
:10322200603C1CCD00000000000000000000000017
:10323200000000000000000000000000000000008C
:10324200000000000000000000000000000000007C
:10325200000000000000000000000000000000006C
:10AE6E000EE0FD74CD2EF582E4341CF583EDF00E6C
:10AE7E0074CD2EF582E4341CF58322F583E0FD7447
:03AE8E00CD2F22A3
:105E040078627C1A7D017BFF7AB279AE7E007F0ACC
:105E14001205B4E4FFFE74622EF582E4341A12AE65
:105E24008912AE81EDF00F0EEEB407EAE4FE74CBF6
:105E34002EF582E4341B12AE8912AE81EDF00F0E02
:105E4400EEB407EA74CD2F12AE81742CF00F901CBF
:105E540005E0FE74CD2F12AE81EEF00F74CD2F123B
:105E6400AE81742CF00FE4FE74BD2EF582E4341B75
:105E740012AE8912AE81EDF00F0EEEB408EA74CDC5
:105E84002F12AE81742CF00F901C00E0FE74CD2F05
:105E940012AE81EEF00F74CD2F12AE81742CF00F80
:105EA400E4FE74D52EF582E4341BF583E0FD600E28
:105EB40074CD2F12AE81EDF00F0EEEB409E474CD63
:105EC4002F12AE81742AF00FE4FD7E01EF14FCEE74
:105ED400C39C500912AE7EE06DFD0E80EFEDC454FC
:105EE4000FFEC3940AEE5004243080022437FE745B
:105EF400CD2F12AE81EEF00FED540FFEC3940AEED7
:105F04005004243080022437FE74CD2F12AE81EE6B
:105F1400F00F74CD2F12AE81740DF00F74CD2F12CB
:0E5F2400AE81740AF00F74CD2F12AE81E4F03E
:015F3200224C
:104F7500E4FEFDED90B2B893FC12AE7EECF00E0DA2
:104F8500EDB407EF901678E06401704EFD741E2DA8
:104F9500F582E4341BF583E0FC12AE7EECF00E0DD9
:104FA500EDB407E912AE7E742CF0901B2512AE6E9F
:104FB500742CF00EE4FD740A2DF582E4341BF583A0
:104FC500E0FC12AE7EECF00E0DEDB408E912AE7EFB
:104FD500742CF00E901B1202502BE4FD746E2DF50F
:104FE50082E43416F583E0FC12AE7EECF00E0DED96
:104FF500B407E912AE7E742CF090167512AE6E747D
:105005002CF00EE4FD747E2DF582E43416F583E074
:10501500FC12AE7EECF00E0DEDB408E912AE7E7416
:105025002CF00E901686E0FC12AE7EEC12AE7C746F
:105035002CF00EE4FD74562DF582E43416F583E06C
:10504500FF600B12AE7EEFF00E0DEDB406E712AE6B
:105055007E742DF00E90165DE0FDC3940AED75F09B
:105065000A500280148475F00A84E5F02430FC129D
:10507500AE7EECF00EED75F00A84E5F02430FC12FE
:10508500AE7EECF00E12AE7E742AF00EE4FC7D01CD
:10509500EE14FBEDC39B500C74CD2D12AE81E06C6C
:1050A500FC0D80ECECC4540FFDC3940AED500424B0
:1050B5003080022437FD12AE7EEDF00EEC540FFD6C
:1050C500C3940AED5004243080022437FD12AE7ECD
:1050D500EDF00E12AE7E740D12AE7C740A12AE7C2B
:0250E500E4F0F5
:0150E70022A6
:106B6400EF2BFFEE3AFEED39FDEC38FC901C14A837
:106B740004A905AA06AB07E075F00AA4FFE4FCFD2E
:106B8400EB2FFBEA35F0FAED39F9EC38F8A3E0FF26
:106B9400E4FEEB2FFFEE3AFEED39FDEC38FC22F576
:106BA40083EEF075F001E4901A5A0206BB901A596C
:106BB400E0FBA3E0FAA3E0F90205DA901A5D1208FB
:106BC40098901A5DE0FCA3E0FDA3E0FEA3E0FFE4DF
:106BD4001203BE7BBF7A0E799C783E12018E12039B
:106BE400FC901A5D020898AF03AE021206667C00A0
:106BF4007D0A120666ED243022901C127BE87A038B
:106C0400E0FFE4FCFDFEF9F80206E7901C13E0FF48
:106C1400E4FCFDFE7B64FAF9F80206E774102FF534
:106C240082E4341CF583E024D0F0901A61E004F08F
:106C3400227B017A047904901A58E0FD22901A5CB0
:106C4400E0FFC322901A5CE004F0221205DAFF741C
:106C54000129F9E43AFA22F0901A62E0FEA3E0FF77
:086C6400227B017A047904226D
:1093F8007F0A901BD5E4F0A3DFFC7F0A901BCBE427
:10940800F0A3DFFC7F0A901BBDE4F0A3DFFC7F0A1A
:10941800901C06E4F0A3DFFC7F0A901C1AE4F0A37A
:10942800DFFC7F0A901C10E4F0A3DFFC7F0A901B8E
:10943800F6E4F0A3DFFCE4901BC7F0A3F0901BDF79
:10944800F0A3F0901C011208A400000000E4901B97
:10945800C9F0A3F07F0A901BECE4F0A3DFFC7F0ABD
:08946800901BE2E4F0A3DFFC1D
:0194700022D9
:10998E00E4FF741A2FF582E4341CF583E024D0F042
:10999E000FEFB403ED901C1A126C12901C1B126B7D
:1099AE0073E41203BE7BF67A287994784112018E05
:1099BE001203FC129FFC901D52E0901C1AF0901D99
:1099CE004FE0901C1BF0901D50E0901C1CF0901D61
:1099DE0051E0901C1DF0A3742EF0901D53E0901CCE
:0599EE001FF0E4A3F0EE
:0199F3002251
:10493F00901C10E0642D60030249D7901A6104F0B7
:10494F00901A61E0FFC394065005126C2080F1129B
:10495F006BFDC004C005C006C007901C117B107A08
:10496F0027126C04D003D002D001D000EF2B126BB2
:10497F0098C004C005C006C007126C0FD003D00248
:10498F00D001D000126B64126BBF901C011208A4EF
:10499F0000000000901A5DA3A3E0FEA3E0FF129FAA
:1049AF00FC901D52E0901C11F0901D4FE0901C12D6
:1049BF00F0901D50E0901C13F0901D51E0901C14CE
:1049CF00F0901D53E0024AD1E4901A61F0901A6101
:1049DF00E0FFC394065005126C2080F1901C11E08B
:1049EF00FFE4FCFDFE7B107A27F9F81206E7C004FE
:1049FF00C005C006C007901C10E0FFE4FCFDFE7B65
:104A0F00A07A867901F81206E7D003D002D001D040
:104A1F0000EF2B126B98C004C005C006C007126BC5
:104A2F00FDD003D002D001D000EF2B126B98C00441
:104A3F00C005C006C007126C0FD003D002D001D042
:104A4F0000126B64126BBF901A5DE0FCA3E0FDA334
:104A5F00E0FEA3E0FFE41203BE901C011208989041
:104A6F001A5DA3A3E0FFA3E0901A62CFF0A3EF12A9
:104A7F006C5BE4FCFD7BA07A867901F812A59DEFB3
:104A8F002430901C10F0901A62E0FAA3E0FB7C2710
:104A9F007D10FF126BED901C11F07C037DE8126B03
:104AAF00EBA3F0901A62A3E07C007D64FF126BED24
:104ABF00901C13F07C007D0A126BEBA3126C5B123F
:094ACF006BF2901C15F0E4A3F059
:014AD80022BB
:10B19E00E4FF1205DAB43A04EF04FF22126C530FE7
:06B1AE00EFB47DEE7F000E
:01B1B4002278
:10A43600E4FE126C4FEF643E601174D52EF582E493
:10A44600341BF583EFF00EEEB40AE7E4FE126C4F10
:10A45600EFB42C047D0180027D00EFB43A047C0148
:10A4660080027C00EC4D701174EC2EF582E4341BF6
:09A47600F583EFF00EEEB40AD4F8
:01A47F0022BA
:0B525700901A59EBF0A3EAF0A3E9F075
:10526200AF058FF0126BAA126BB1FF126BA7EFB4EE
:1052720040047E0180027E00EFB42F047F01800291
:105282007F00EF4E6020E4901A5CF0126C419407AC
:105292005014126BB1FE74E22FF582E4341B126BD0
:1052A200A3126C4880E5E4901A5CF0126C419408F9
:1052B2005014126BB1FE74CB2FF582E4341B126BC7
:1052C200A3126C4880E5901BD2E0901C05126BA6DD
:1052D200E4901A5CF0126C4194095014126BB1FE06
:1052E20074BD2FF582E4341B126BA3126C4880E567
:1052F200901BC5E0901C00F0126BB1FF901BE112F5
:105302006BA6EF645F70030253BD901C011208A4E8
:1053120000000000901A59E0FBA3E0FAA3E0F99024
:1053220000031205F3642F60030253BD901A5CF070
:10533200126C4194035014126BB1FE74062FF58265
:10534200E4341C126BA3126C4880E5126BA7E49044
:105352001A5CF0126C4194035014126BB1FE741A71
:105362002FF582E4341C126BA3126C4880E512996B
:105372008E126BB1642F70439000011205F36441E9
:1053820070399000021205F3643D702F75F001121E
:105392006BAB126BA7126BA7E4901A5CF0126C4114
:1053A20094065014126BB1FE74102FF582E4341C73
:0B53B200126BA3126C4880E512493F0B
:0153BD0022CD
:10978300126C6512A4367A04790412B19E901A58A9
:10979300EFF07002FF22901A58E0FD2404F582E4F2
:1097A3003404F583E024D9603224F8602124F56081
:1097B3002D24FD601414602924FE601724E0601B2F
:1097C300243F7020126C65800D126C358008126C7A
:1097D300358003126C35125257800C7F02227F03AF
:0997E300227F04227F05227F0190
:0197EC00225A
:10A20B00901678E07015FF126500E4FF12A25490CF
:10A21B001BDFEEF0A3EFF0E4FF802230032A7F0177
:10A22B001265007F0112A254901AD2E0FCA3E0FD4C
:10A23B0012A85C901BDFEEF0A3EFF07F01127B44C2
:10A24B00901BC9EEF0A3EFF022128DBD901BC7EE51
:05A25B00F0A3EFF0226A
:10AB72001293F8121A57BF0102800F126C65E4FD9E
:10AB8200125524129783EFB4010A12A20B12661E09
:0CAB92007F01800512661EE4FF12754969
:01AB9E002294
:10A0B100901A85E0FBA3E0FAA3E0F9901DBFE0FF51
:10A0C10004F08F8275830022901A85E0FBA3E0FAE9
:10A0D100A3E0F9901DBFE0FE04F08E82758300EFCE
:10A0E100020632F0901A85E0FBA3E0FAA3E0F92220
:10A0F100901A8AE02404F582E43400F583E022EB2F
:08A10100F0A3EAF0A3E9F0224B
:10A55900901A8B12A100EDD394004037901A8B12F8
:10A56900A0B4742D120632EDC3940AED500B2430B9
:10A57900FF901A8B12A0E8801775F00A842430FF27
:10A58900901A8B12A0CCED75F00A84E5F02430FF07
:04A5990012A0D42216
:09A6EB00901A8B12A100A3EDF0FE
:10A6F400A3F0901A8EE02406FFE433FEA3E0FDC32A
:10A704009FEE6480F8748098501B74042D12A0F797
:10A71400C313FF64206006901A8B12A0CC901A8F8A
:05A72400E004F080CD0F
:01A72900220D
:09552400901A8512A100A3EDF01C
:10552D00E4901DBF12A0E47D0712A6EB12A0E5903A
:10553D00001112567A12A0B1743E120632E4FD1219
:10554D00A6EB12A0E590000A12567A901A8A740DF5
:10555D00F0E4FC12A0F120E03C12A0B1742C120674
:10556D0032901A8AE004F0E0FD12A6EB901A8AE060
:10557D00240612A0E412A0F1541EFFC313FD12A5C0
:10558D005912A0F130E70812A0B1742A1206320C9C
:10559D00EC640870BE901A88E06401704B90166838
:1055AD00E06401704312A0B1742C120632E4901A1B
:1055BD0089F0901A89E0FFC39406501974562FF59F
:1055CD0082E43416F583E0FF600B12A0C9901A89AE
:1055DD00E004F080DD12A0E590165DE0FD12A55906
:1055ED0012A0B1742A12063212A0B1743A12063208
:1055FD00901A8AE02403F0E0901A89F0901A89E05D
:10560D00FFFDD3900691E09D900690E0940040251B
:10561D0074042F12A0F7FF12A0C9901DBFE0D39400
:10562D00BE400A12A0B1747E1206328008901A890B
:10563D00E004F080C7901DBFE024FFFFE434FFFEBF
:10564D0012A0E58F828E831205F3901DBFB40D025B
:10565D00800B12A0BF740D120632901DBF12A0BF99
:0C566D00740A12063212A0BCE4120632CD
:0C56790022E0541EFFC313FD12A55922AD
:0AB40900740129F9E43AFA0205DAA9
:10B2C000EF540FFFD39409EF50042430FF222437AA
:02B2D000FF225B
:10A8200012B409FEE4FF12B409FD642A6008ED6E5B
:10A83000FE0FEFB47EF012B409FD12B409FCEEC4B1
:10A84000540FFF12B2C0EF6D60037F0022AF0612FB
:0BA85000B2C0EF6C60037F00227F01AC
:01A85B0022DA
:10AFB8007B017A1879D112A820EF7002FF227B0159
:0FAFC8007A18795112A820EF7002FF227F012220
:06B4660048454C4C4F006C
:103262004A1B45000000000000000000004D1B2D1D
:10327200000000000000000000000000004F1B1EC4
:103282000000000000000000000000000000004FED
:103292001B0A000000000000000000000000000007
:1032A20000421B3A0000421B030000421B050000C3
:1032B200471AD400000000000000431AF600000084
:1032C2004A1AF9000000000000000000004A1AE853
:0A32D20000000000000000000000F2
:103ED200901A58E0FBA3E0FAA3E0F98F8275830001
:103EE2000205F3EF2BFFEE3AFEED39FDEC38FCA8AC
:103EF20004A905AA06AB07E075F00AA4FFE4FCFDDD
:103F0200EB2FFBEA35F0FAED39F9EC38F8A3E0FFD4
:103F1200E4FEEB2FFFEE3AFEED39FDEC38FC22EB2E
:103F22002430F07B0AE4FAF9F8901A64E0FCA3E08A
:103F3200FDA3E0FEA3E0FF22FD74452EF582E434EA
:103F42001BF583EDF00E0F74452EF582E4341BF55C
:103F52008322E0FF901A5BE0FE04F0742D2EF582BE
:103F6200E4341BF58322E024D0FFE434FFFE7C001E
:103F72007D0A020654EBF0A3EAF0A3E9F0E4221270
:103F82000772E47B0AFAF9F8020772E024D075F0AE
:103F92000AA4FFA3E024D02F22901A5DE0FFE4FCE4
:103FA200FDFE22901A58E0FBA3E0FAA3E0F9A3E099
:103FB200F58222E0FE04F0741E2EF582E4341BF535
:103FC2008322120772E4FB7A01F9F822F0A3F0A32C
:103FD200F0A3F0A3F022AA06AB07E024D0FFE4345A
:103FE200FFFE7D64120654EF2BFFEE3AFE22901A7A
:103FF20069E0FAA3E0FB7C017D90FFAE0212066647
:10400200ED4C22E024D0FDEC34FFCD2FFFED3E221B
:10401200740A2FF582E4341BF583227B017A187926
:10402200D122901A69E0FEA3E0FF7C007D641206B3
:1040320066ED4C22901A5BE0FF04F0742D2F223EB5
:10404200F583EDF0901A59E004F022F0EFF5827555
:104052008300A3227B64FAF9F80206E7901A58E07B
:10406200FEA3E0FF22E0F8A3E0F9A3E0FAA3E0FB5D
:1040720022E4901A58F0A3F022F0901A5BE004F0C8
:1040820022D3901ADDE09F901ADCE02224D0FEE4D5
:1040920034FFF0A3CEF022F582E433F5830205F378
:1040A2007BE87A03F9F80206E7901A58E004F02256
:109B2000901709E0605C123FC7901B40123F2E1255
:109B30003FC4123FC4120772AD077F007EFE12AF12
:109B4000F5123FC7901B40123F2E123FC4120772FE
:109B5000AD077F017EFE12AFF5123FC7901B40128A
:109B60003F2E120772AD077F027EFE12AFF5901BEB
:109B700040E0FCA3A3A3E0FFE4AD077F037EFE1259
:039B8000AFF5221C
:10AB9F00901B401208A400000000E4FDFF12ABC49C
:10ABAF007F0112ABC47F027EFE12AFF5E4FD7F037F
:0DABBF007EFE02AFF57EFE12AFF5E4FD2232
:107E6100901B19E0700F04F0901B3C1208A4000055
:107E71000000027EE4901A9B7401F0A3741AF0A32F
:107E810074E8F0A37401F0A3741BF0A3741EF0A3B3
:107E91007401F0A3741BF0A3740AF07B017A1A79C0
:107EA100F9129E881203FC901B3C120898901B400B
:107EB100123F2E901B3C124067EF2B123F16A3126C
:107EC10008987F007E657DCD7C1D901B4012406728
:107ED100D3120828400A901B401208A40000000099
:107EE100129B20E4FF741E2F123FBCE0FE74F92F99
:107EF100F582E4341AF583EEF00FEFB409E7E4FFFD
:107F0100124012E0FE74E82FF582E4341AF583EE94
:087F1100F00FEFB40AEA7F0152
:017F19002245
:107FD200E4901B19F0901709E0700D901B401208F5
:107FE200A4000000000280697F007EFE12B04BBF39
:107FF200FF0612AB9F0280697F01128074FBFA793F
:1080020001F81206E7C004C005C006C0077F0012CF
:108012008074FBFAF978011206E7D003D002D0018E
:10802200D000EF2B123F16C004C005C006C0077F68
:108032000212807EFB7A01F9F81206E7D003D00221
:10804200D001D000EF2B123F16C004C005C006C0FD
:10805200077F0312807ED003D002D001D000123FEE
:1080620014901B40120898901B3C1208A4000000B8
:1080720000227EFE12B04BE4FCFDFE227EFE12B018
:068082004BE4FCFDFE22B0
:0378CC00901A58B7
:1078CF00123F77FFFE901A58123ED56009B42C0173
:1078DF000E0FEEB401EF901A58123ED5FD642C70C6
:1078EF00030279A0E4FEEE2445123F4CEDF00E0F9B
:1078FF00123EDD123F3A743AF00E123EDDFD123F9A
:10790F0049EDF00E0F123EDD123F3A743AF00E12AF
:10791F003EDDFD123F49EDF00E0F123EDDFD123F31
:10792F0049EDF074452408123F4CE4F090167AE0CC
:10793F00FFC3940D901B45E0501824D075F00AA496
:10794F00FEA3E024D02EFEC3740D9FFFC3EE9FFC59
:10795F00800C123F8EFF90167AE024F32FFCECC3BD
:10796F009418400474E82CFCECFF901B08E4F0A37F
:10797F00EFF075F00A842430901B45F0EC75F00A97
:10798F0084E5F02430A3F0901B4B123F8D901B0722
:01799F00F0F7
:0179A00022C4
:0340B200901A5809
:1040B500123F77901A66123FCEFF901A5BF0901A66
:1040C50058123ED56011B42C06901A5BE004F00F2F
:1040D500901A5BE0B409E7901A58123ED5FE642C9D
:1040E500700302424A901A5CEE12404D1205F3909D
:1040F5001A5D12404DA31205F3901A5E12404DA3AE
:10410500A31205F3901A5FF0EF2404124099901A58
:1041150060F074052F124099901A61F0FB901A5CBB
:10412500123F8D901A67F0901A5E123F8D901A68B3
:10413500F0901A60123F68EB124006CF24D0CF34BE
:1041450007901A69F0A3EFF0C3901B09E09408905B
:104155001B08E0940040030241F4901A67E004F064
:10416500E024E260261460401460602403600302CA
:1041750041F4123FF06078EB54037005124024704F
:104185006E901A68E0640270668017123FF0600A4C
:10419500EB5403705A1240246055901A68E064028B
:1041A500704D901A6704801C901A68E0FF640460E3
:1041B5000EEF64066009EF64096004EFB40B3090FC
:1041C5001A677401F0A3E004F08024901A67740163
:1041D500F0A3E004F0E0C3940D4014901A6AE004E3
:1041E500F07006901A69E004F0901A687401F0E422
:1041F500901A5BF0901A69E0FEA3E0FF129FFC9015
:104205001D4F123F54EFF0901D50123F54EFF090A8
:104215001D51123F54EFF0901D53123F54EFF01211
:104225004036123F60742DF0901A6812424B1240CE
:1042350036123F60742DF0901A6712424B124036C9
:05424500123F60E4F0EF
:10424A0022E0FF7E00129FFC901D51E0FF901A5B56
:10425A00E0FE04F0742D2EF582E4341BF583EFF0B2
:10426A00901D53E0FF901A5BE0FE04F0742D2EF5CA
:09427A0082E4341BF583EFF0220D
:10AD2100901679E0B40104D2A78002C2A7E4901B77
:10AD31003AF0A3F0901AD2F0A3F0C203127FD2E44A
:07AD4100901B07F0C2052280
:03ABCC00901A5884
:10ABCF00123F77FFFE901A58123ED56009B42C0140
:10ABDF000E0FEEB402EF901A58123ED5B44105D2C3
:08ABEF00037F0122C2037F0075
:01ABF700223B
:037F1A00901A5862
:107F1D00123F77FFA3F0123ED26011B42C06901AD7
:107F2D005BE004F00F901A5BE0B403EAE4901A5B97
:107F3D00F0123FB57430F0E4FE123ED2FD901A5BA4
:107F4D00E0FC04F0741E2C123FBCEDF00F0EEEB4ED
:107F5D0009E7123ED2B42C030F80020F0F123ED24E
:107F6D00FE901A5BE0FD04F0741E2D123FBCEEF086
:107F7D00901A5B123FB5E4F00F0F901A5BF0FE12F2
:107F8D003ED2FD901A5BE0FC04F0740A2C124015F1
:107F9D00EDF00F0EEEB40AE7123ED2B42C030F80B3
:107FAD00020F0F123ED2FF901A5BE0FE04F0740A2E
:107FBD002E124015EFF0901A5BE0FF04F012401204
:047FCD00E4F07F015C
:017FD100228D
:03A66700901A58EE
:10A66A00123F77FFFE901A58123ED56009B42C01AA
:10A67A000E0FEEB407EF901A58123ED5901AF6F064
:10A68A000F123EDD901AF7F0E4A3F0901AF7E0B447
:0EA69A002C0C901AF6E0A3F0901AF67430F033
:01A6A800228F
:0B350900901A58EBF0A3EAF0A3E9F0E1
:10351400901A641208A400000000901AD4742D12AA
:103524003FCEA3F0E4A3F0901A5BF0FF123FA51284
:103534003EDFFE600BB42C010F12407CEFB409ECAB
:10354400123FA5123EDFFBB42C12901B447401F011
:10355400901A641208A4000000008050E4901B44F8
:10356400F0EBB42D09E4901A6812407B8006901A9F
:10357400687401F0E4901A5CF0123FA5123EDFFF7C
:10358400642E6035EF24D0FF901A5CE0245DF58250
:10359400E4341AF583EFF0901A5CE00412407BA344
:1035A400E0D3940540D3901B447401F0901AF212B6
:1035B40008A4000000007F0022901A5CE024FE6052
:1035C4001014602814603C24037060123F9B023680
:1035D40078901A5DE075F00AA4FFA3E07C002FFF49
:1035E400EC35F0FE3395E0FDFC023678123F9B1279
:1035F4004056A804A905AA06AB07901A5E123EF924
:10360400023678901A5E123F9E124056C004C005DE
:10361400C006C007123F9B1240A2D003D002D001C3
:10362400D000901A5F123EE5023678901A5E123F7F
:103634009E1240A2C004C005C006C007123F9B7B77
:10364400107A27F9F81206E7D003D002D001D0008F
:10365400EF2B123F16C004C005C006C007901A5FC6
:10366400123F9E124056D003D002D001D000901ACF
:1036740060123EE5901A64120898901A68E0901A55
:10368400647008123F2E1208048003123F2E901A11
:10369400F2120898123F2BE41203BE7BA17AF87948
:1036A40051784012018E1203FC901A641208987B20
:1036B400A07A8679017800123F2B123F81EB2430E7
:1036C400901AD4F0E47B107A27123F29123F81EB41
:1036D4002430901AD5F0E47BE87A03123F29123F94
:1036E40081EB2430901AD6F07B64123F27123F817D
:1036F400901AD7123F21123F81901AD8123F2112FB
:103704000772EB2430901AD9F0E4A3F0901A68E021
:0A3714007006901AD4742DF07F01A6
:01371E002288
:106C6C00C3901ADDE0940A901ADCE0940050037F84
:106C7C00002290170CE0FEA3E07A002400FFEA3E0D
:106C8C00FE1240839E4007E4F0A3F07F0222200313
:106C9C00037F0022901B03E07002A3E07002FF222E
:106CAC002004037F0022901B3AE0FEA3E0FF901A21
:106CBC00D2E0FAA3E0FBD39FEA9E4006EB9FFFEAEB
:106CCC008013901AD2E0FEA3E0FFC3901B3BE09F21
:106CDC00FF901B3AE09E901A5AF0A3EFF0901A5ACC
:106CEC00E0FEA3E0FFD394B4EE9400401074689FD0
:106CFC00901A59F074019E901A58F0800F901A5AFD
:106D0C00E0FFA3E0901A58CFF0A3EFF0D3901A59FC
:106D1C00E09419901A58E094004006E4901ADC8034
:106D2C002F901652E024FE600F14601014601114A2
:106D3C00601224047D14800E7D28800A7D3C800620
:106D4C007D5A80027D78EDFF12408394004016E45A
:106D5C00F0A3F0901AD2E0FFA3E0901B3ACFF0A37F
:076D6C00EFF07F01227F0020
:016D730022FD
:0385E500901A5891
:1085E800123F77FFFE901A58123ED56009B42C014D
:1085F8000E0FEEB407EF901A58123ED5B42C09E4CA
:10860800901B03123FD0FF22E4FE901A58123ED569
:10861800FD642E6010745B2EF582E4341AF583ED48
:10862800F00F0E80E5EE24FD600C047024901A5BB8
:10863800123F68A3800F901A5C123F68901A5B1271
:108648003FD8901A5D124005901B03F0A3EFF0800D
:108658000A901A5BE0901B0312408E901B03E0FC0B
:10866800A3E0FDE41203C37B567A0E79ED783F123E
:0F867800018E1203FC901B05EEF0A3EFF07F00C4
:0186870022D0
:03854000901A5836
:10854300123F77FFFE901A58123ED56009B42C01F2
:108553000E0FEEB408EF901A58123ED5B42C05C294
:10856300047F0022E4FE901A58123ED5FD642E606B
:1085730010745B2EF582E4341AF583EDF00F0E8050
:10858300E5EE24FD600C047024901A5B123F68A38F
:10859300800F901A5C123F68901A5B123FD8901AB2
:1085A3005D124005901AD2F0A3EFF0800A901A5B97
:1085B300E0901AD212408ED204901AD2E0FEA3E0C9
:1085C300FF129FFC901D50E0901B1AF0901D51E08C
:1085D300901B1BF0901D53E0901B1CF0E4A3F07F55
:0185E3000196
:0185E4002274
:108C0300200503028C97C20512407312405E241E96
:108C1300F582741B3EF583E0FD746E2FF5827416A6
:108C230012404170031240AB901A58E07004A3E065
:108C3300640870D712407312405E240AF582741BD5
:108C43003EF583E0FD747E2FF58274161240417069
:108C5300031240AB901A58E07004A3E0640970D784
:108C630012A89812A3EB7BFF7AB4796612A9EB12D0
:108C7300407312405EC3EE94025019744E2FF58276
:108C830074163EF583E0FF12B4401240467003129F
:048C930040AB80DE94
:018C970022BA
:1091FE0012AFB8EF6401707A12401D12ABCC20038F
:10920E0003C2052212401D1278CC12401D1240B22C
:10921E0012401D127F1A12401D1285E512401D12BA
:10922E008540EF24FF92047B017A1879511235099B
:10923E007B017A18795112A667122949128C039074
:10924E001678E06401702B901653E0600DA3E0FFDA
:10925E00901B07E0B5070312AAE4E4901ADBF09026
:10926E001652E0600D126C6C901ADBEFF060031278
:03927E00AAE4223D
:104DEF00E4FBFA7842E0FCA3E0FDA3E0FEA3E0FFC2
:104DFF0022E4FBFA7841120297E4FBFAF9783F12AA
:104E0F00009D1203FC901A97EEF0A3EFF0901A9703
:104E1F00E0FEA3E0FF7C007D0A120666EF2430FF60
:104E2F00901A94E0FBA3E0FAA3E0F9EF12062090AA
:104E3F001A97E0FEA3E0FF7C007D0A120666ED24C0
:104E4F0030FF901A94E0FBA3E0FAA3E0F922E024EC
:104E5F00D0FDE434FFFC0203C37F007E407D1C7C49
:104E6F0046E0F8A3E0F9A3E0FAA3E0FB227401F017
:104E7F00A3741BF0A3740AF0A37401F0A3741BF0C6
:104E8F0074CBA3F0A37401F0A3227B0104F0A374ED
:104E9F0016F0A3747EF0A3EBF0A3741BF0A374CBF6
:104EAF00F0A3EBF0A3741BF0A374BDF0227920786C
:104EBF0041E4FBFA02018EE4FBFA79B412009D90F3
:104ECF001AB3020898901777E0FEA3E07C00240045
:104EDF00FDEC3EFCE40203C374F62FF582E4341BB1
:104EEF00F58322EBF0A3EAF0A3E9F022EC1203BE64
:104EFF00901A5F020898901A97E0FCA3E0FD221227
:104F0F00018E901AC0020898F0901D53E0901BFB81
:104F1F00F0E4A3F0227BCD7ACC79CC783D02018EE0
:104F2F007B0A7AD77923783C02018E1203FCE402C4
:104F3F0003BE8F827583001205F3FE22E4FBFAF99C
:104F4F00784022901D83120898901D8B22F0901D9F
:104F5F004FE0901BF7F0227A0F79497840020297C1
:064F6F00901A630208988D
:10AEF800901AC41208987FDA7E0F7D497C40901A18
:10AF0800C4124E7012018EE4FBFA793478430202BF
:01AF180097A1
:06763000901AA4124EF2B4
:10763600E4FF901AA4124E54124F4174AF2FF582F4
:10764600E4341AF583EEF00FEFB408E6901AB1129F
:107656004E5D124EBCC004C005C006C007901AB2EB
:10766600124E5DD003D002D001D00012009DC0049E
:10767600C005C006C007901AB4124E5D124F24D042
:1076860003D002D001D00012009DC004C005C00680
:10769600C007901AB5124E5D124F2FD003D002D0FC
:1076A60001D00012009D901AAB120898901AAF12E2
:1076B6004E5D124EBCC004C005C006C007901AB08D
:1076C600124E5DD003D002D001D00012009DC0043E
:1076D600C005C006C0077970901AAB124DEF1202B2
:1076E60097D003D002D001D00012009D901AA712A5
:1076F6000898901AB6E0B4530F901AA7124DF412D8
:0E77060003AD901AA7120898901AA7124DF41E
:017714002252
:06695100901AA4124EF2A0
:10695700E4FF901AA4124E54124F4174AF2FF582E0
:10696700E4341AF583EEF00FEFB409E6901AB21289
:106977004E5D124EBCC004C005C006C007901AB3D6
:10698700124E5DD003D002D001D00012009DC0048A
:10699700C005C006C007901AB5124E5D124F24D02D
:1069A70003D002D001D00012009DC004C005C0066C
:1069B700C007901AB6124E5D124F2FD003D002D0E7
:1069C70001D00012009D901AAB120898901AB012CD
:1069D7004E5D124EBCC004C005C006C007901AAF7A
:1069E700124E5D79C87842124EC0D003D002D00152
:1069F700D00012009DC004C005C006C007901AB1A0
:106A0700124E5DD003D002D001D00012009DC00409
:106A1700C005C006C007E4FBFA79707842901AAB4C
:106A2700124DF4120297D003D002D001D000120009
:106A37009D901AA7120898901AB7E0B4570F901AAA
:106A4700A7124DF41203AD901AA7120898901AA72F
:036A5700124DF4E9
:016A5A002219
:105A660012AEF8901AB4120898901AAC124DF412AD
:105A7600AEF8901AB8120898901AB8124E70901A8A
:105A8600B4124DF4120099901ABC120898901AB0EC
:105A9600124DF412AEF8C004C005C006C007901A35
:105AA600A8124DF412AEF8D003D002D001D00012E5
:105AB6000099124F4B120297124CC5C004C005C084
:105AC60006C007901AC81208A440000000D007D0EC
:105AD60006D005D0041253BEC004C005C006C007D8
:105AE600901AB8124DF4124CAFC004C005C006C0DF
:105AF60007901AB4124DF4124CAFD003D002D00165
:105B0600D00012018ED003D002D001D00012018E37
:105B1600C004C005C006C007124F4B901ABC124DF8
:105B2600F4120297124CC5C004C005C006C0079007
:105B36001AC81208A440000000D007D006D005D02D
:105B4600041253BED003D002D001D00012009D1221
:105B5600834712A8D3124F4B124F0E901AC0124D04
:105B6600F47B197A5179C77845124F0E901AC012F4
:105B76004E6812018EE4FBFAF9783F12009D12720C
:105B860084E4FBFA79207841120297124F11901A99
:045B9600C0124DF4F8
:015B9A0022E8
:109E8800127630901D8F120898901A9B124E541219
:109E98006951901D8B120898901A9E124E54127692
:109EA80030901D87120898901AA1124E54126951C9
:109EB800124F52124DF4901AA8120898901D87124A
:109EC8004DF4901AAC120898901D83124DF4901A14
:0D9ED800B0120898901D8F124DF4025A66CA
:05650000901A94EFF079
:106505007009901A9B124E99126601901A94E0B484
:106515000118901A9B124E7C124EB47B017A1B799E
:106525001E129E88901D93120898901A94E0B4024A
:1065350024901A9B7401F0A37416F0747E124E9188
:10654500741BF0A3741E124E92741BF0A3740AF010
:106555007B01126601E4901A97F0901A97E0FFC349
:106565009408500D124EE7E4F0901A97E004F0807D
:10657500E9901D93124E681203345028901D931212
:106585004DF412660F901BF6742A124F5CA3742EFD
:10659500F0901D50E0901BF9F0901D51E0901BFA12
:1065A500124F172279C8901D93124DEF12029712C0
:1065B500660F901D52E0901BF6124F5C901D50E047
:1065C500901BF8F0901D51E0901BF9F0A3742E126A
:1065D5004F17901A97F0901A97E0FFC39403501B3A
:1065E500124EE7E0B43014901A97E024F6124EEA02
:0B65F5007420F0901A97E004F080DBA7
:10660000227A16796E129E88901D93120898221293
:0E66100003FC901A95EEF0A3EFF0129FFC220F
:1090F700AB07AA06A905A804901AAB124DF41200F3
:1091070099C004C005C006C007901AA7124E7090F8
:109117001AAF124DF4120099901ABB120898D00793
:10912700D006D005D004128906124ECEE4FFFE7D8C
:10913700347C43901AB3124E7012018E1203AD7B2A
:10914700D8124F66124ECE901AB3124DF4784212CF
:109157004EC6E4FFFEFDFC901AB3124E70120334A4
:10916700500B901AB3124DF47843124EC6901AB3AF
:03917700124DF4A2
:01917A0022D2
:109EE500127630901D8F120898901A9A124E5412BD
:109EF5006951901D8B120898901A9D124E54127636
:109F050030901D87120898901AA0124E541269516C
:109F1500124F52124DF4901AA7120898901D8712ED
:109F25004DF4901AAB120898901D83124DF4901AB7
:0D9F3500AF120898901D8F124DF40290F7A6
:058DBD00901A94EFF094
:108DC2007018901A9A124E997A16796E129EE512BE
:108DD20003FC901A95EEF0A3EFF0901A94E0B40120
:108DE2000C901A9A124E7C124EB4128E35901A942E
:108DF200E0B40223901A9A7401F0A3741BF0A374D6
:108E02000A124E927416F0A3746E124E927416F0F9
:108E1200A3747EF0128E35D3901A96E09467901A5E
:108E220095E094014004E4F0A3F0901A95E0FEA3CB
:028E3200E0FF5F
:108E3400227B017A1B791E129EE51203FC901A957F
:068E4400EEF0A3EFF022A6
:10004600901A5B120898901A5F124DF4A3124E7024
:100056001203345004E4FEFF22901A5F124E70A37E
:10006600124DF4120099901A5B124E7012029712FA
:1000760063FEE4FBFA7934784312018E7BDA124F81
:05008600661203FC22DC
:057B4400901A58EFF05B
:107B4900702B901D93124DF4124F3AC004C005C01A
:107B590006C007124ED4124EFF901C01124DF412AA
:107B69004F6FD007D006D005D004127C04901A5864
:107B7900E0B4012E901D93124DF4124F3AC004C087
:107B890005C006C007901AF2124DF4124EFB901C64
:107B990001124DF4124F6FD007D006D005D0041250
:107BA9007C04901A58E064027033901D93124DF4CE
:107BB900124F3AC004C005C006C007901AF2124D10
:107BC900F4124EFB124ED4124F6FD007D006D005D7
:107BD900D004120046901A59EEF0A3EFF0D3901A90
:107BE9005AE0945A901A59E094004006E4F0A374BC
:0A7BF9005AF0901A59E0FEA3E0FFD5
:0D7C030022120046901A59EEF0A3EFF02275
:10A85C00901A94ECF0A3EDF0C3901AD3E09F901AE9
:10A86C00D2E09E5010901A94E0FCA3E0FDC3EF9D43
:10A87C00FFEE9CFE22C3901A95E09FFF901A94E085
:0CA88C009EFEC374689FFF74019EFE22B4
:06568500901A94124EF28F
:10568B00A3EEF0A3EFF0901779E0FF6003025778D9
:10569B00124F05C39417EC94005007124E51744EE1
:1056AB00804AC3ED9444EC94005007124E51744E53
:1056BB00801EC3ED9471EC94005007124E5174454B
:1056CB00802AC3ED949EEC94005013124E517453E8
:1056DB00120620124E519000017445025775C3ED0E
:1056EB0094CBEC94005013124E51745312062012AB
:1056FB004E519000017420025775C3ED94F8EC9451
:10570B00005007124E517453802AC3ED9425EC942C
:10571B00015013124E517457120620124E51900025
:10572B000174200257A7C3ED9452EC94015013124D
:10573B004E51744E120620124E51900001745702B6
:10574B0057A7C3ED9468EC9401124E51500F744E51
:10575B00120620124E519000017420800D742D12F0
:10576B000620124E51900001742D0257A7EF6401D1
:10577B007012124F05E41203C379F0124E00900021
:10578B0001EF8018901779E06402701A124F05E44C
:10579B001203C37920124E00900001EF12063290D3
:1057AB000002E4020632124E51742D120620124EE4
:1057BB0051900001742D120632900002E412063251
:0957CB009017797401F012A898FE
:0157D40022B2
:107CDC005620002D2D2D2E2D00404320002D2D2D16
:107CEC002D2E2D00685061002C00475053204F461C
:107CFC004620004B6D0047505320576169742E2E5F
:107D0C002E2000533A0020004B6D202020002D2DFA
:107D1C002D00244130322C562C00576169742E00F2
:107D2C000D0A00244130322C412C0050302D3E00E5
:107D3C004B6D20002D2D005350443A004B6D2020EC
:107D4C0000414C543A004D2C00202D2D2D2D2D0092
:107D5C00244130322C4F2C00475053204F464600C4
:107D6C005350443A2D2D2D2D2D2D4B6D6820204632
:107D7C00697865642000616C743A2D2D2D2D2D2DA4
:107D8C004D002D2D2D2D202D2D202D2D202000248E
:067D9C004630310D0A0023
:1020D900901AA074FFF0A3747CF074F4A3F07B0150
:1020E9007A04790422E4FAF9F8901A78E0FCA3E07A
:1020F900FDA3E0FEA3E0FF12A59DE47B0AFAF9F82F
:1021090012A59DEB2430901A75FFE0FBA3E0FAA31A
:10211900E0F9EF020620E0901A5AFFE0FE04F0749D
:10212900622EF582E43405F58322120620901A7690
:10213900E475F0010206BBEEF0A3EFF0901A8AE015
:10214900FCA3E0FDA3E0FEA3E0FF22901A787D0A3C
:10215900E0FEA3E0FF7C00020666E4900404F09030
:102169001AA074FFF0A322FBE024D0FFE434FFFEA1
:102179007D0A120654A3E024D0FDEC34FFCD2FFFD5
:10218900ED3E22901A5CE0FEA3E0FFE4FCFD7B64D7
:10219900FAF9F81206E7A804A905AA06AB07901AE6
:1021A9005EE0FEA3E0FFE4FCFDEB2FFFEA3EFEED5F
:1021B90039FDEC38FC22901A75E0FBA3E0FAA3E0A4
:1021C900F9221200267401901AA0F0A37405F0A355
:1021D9007462227B01901A58E0FCA3E0FDA3E0FFA2
:1021E900A3E0901A7ACFF0A3EFF0901A5CE0FFA376
:1021F900E0901A7CCFF0A3EFF0901A5EE0FFA3E025
:10220900901A7ECFF0A3EFF0901A62E0221203BE7B
:102219007B8F7AC27975783D12018EE4FBFA79A039
:10222900784012009DE4FBFA792078411202971256
:1022390003FC901A60EEF0A3EFF07B0122E4FFFEAD
:102249007C41901A8AE0F8A3E0F9A3E0FAA3E0FB45
:10225900227A1C7967901A58E0FCA3E0FDA3E0FFFD
:10226900A3E022EC1203BE7B007A5079C3784702BF
:102279000297E0FCA3E0FDA3E0FEA3E02405FFE450
:102289003EFEE43DFDE43CFCE47B0AFAF9F822EF6A
:10229900F0901A5AE0FF04F074622F22E4FBFA78F6
:1022A9004112018EA804A905AA06AB0722EBF0A3E7
:1022B900EAF0A3E9F0A322120099901A8A02089879
:1022C900ED2430FF901A7522120898901A58E0FEF2
:1022D900A3E0FFE4FCFD22F583E0FDAC070F746287
:1022E9002C22EF2430FF901A7522AA06AB07E024AE
:1022F900D0FFE434FFFE7D64120654EF2BFFEE3A63
:10230900FE22901AA07401F0A322E0FCA3E0FDECE8
:102319000203C3ED2430FF901A7522EB2FFFEA3E2A
:10232900FEE93DFDE83CFC020898901A7ACFF0A33B
:10233900EFF0901A60E0FFA3E0901A7C22901A7ADD
:10234900CFF0A3EFF0901A5CE0FFA3E0901A7C2293
:1023590074FFF0A3747DF0A3741A22ECF0FEA3EDD0
:10236900F0FF7C007D64120666EF22E024D0FFE4D2
:1023790034FFFE7C007D0A020654120620901A766C
:10238900227C007D0A020666EFF0901D51E0FF22D3
:10239900EFF0901D53E0FF227B407A42790FF8025B
:1023A90006E7901A62E0901A7CF07B01227401F032
:1023B900A3741BF0A3741A221202970203FC1206DB
:1023C90020901A76227B107A27F9F80206E7747DA5
:0523D900F0A3742C22AA
:06B46C001220E702A90E08
:0950E800901A751222B612089804
:1050F100E4FFFE7D347C43901A7C12224E12009D07
:105101001222C3E4FBFA79A078411221451223C18E
:10511100901A80122140C004C005C006C007901A31
:105121008012231379A01222A5D007D006D005D072
:10513100041222C0E4FBFAF978401221451223C17E
:10514100901A82122140C004C005C006C007901AFF
:1051510082122313E4FBFAF978401222AAD007D075
:1051610006D005D0041222C07D4012224612018EC3
:105171001203FC901A84EEF0A3EFF0E4FFFE7DB47D
:105181007C42901A7812224E12009D1222C3E4FB37
:10519100FA792078411221451223C1901A861221F1
:1051A10040C004C005C006C007901A8612231379B7
:1051B100201222A5D007D006D005D0041222C01299
:1051C10021451203FC901A88EEF0A3EFF0A31221FF
:1051D10048C004C005C006C007901A8812231312E4
:1051E10022ADD007D006D005D0041222C07DC01256
:1051F100224612018E1203FC901A80A3E02441FD85
:10520100901A751221C2ED120620901A86A3E0248D
:1052110041FD901A751221C2900001ED12063290E3
:105221001A82A3E02430900002120632901A88A359
:10523100E02430900003120632901A84A3E0244146
:10524100900004120632EF244190000512063290BC
:065251000006E402063233
:10813900901A751222B61223642430901A751221EE
:10814900121221BF1205DAB430057420120620126A
:10815900213612215412238A12231C1221131221AF
:108169003612215412231C1221131221361221BF57
:108179007440122133901A7A122157EF12231D12DB
:108189002113122136901A7A12215712231C122117
:10819900131221361221BF7427122133901A7C122F
:1081A9002157EF12231D122113122136901A7C1226
:1081B900215712231C1221131221361221BF7422B6
:1081C9001221331221BF7420122133901A7EE0FF4D
:1081D900901A751221131221361221BFE4020620CA
:10771500901A751222B61208987B807A9679987815
:1077250000901A7812214812A59DEF12210D901A8A
:10773500751221C21205DAB43005742012062090A4
:107745001A761221397B407A42790F78001220F29D
:10775500901A761221397BA07A8679017800122059
:10776500F2901A76122139901A751221C2742E12CE
:1077750023C7122139E47B107A271220F0901A765C
:10778500122139E47BE87A031220F0901A7612214F
:10779500397B641220EE901A761221397B0A122069
:1077A500EE901A76122139122291901A78122148F8
:1077B500122109901A76122139901A751221C27474
:1077C500401223C7122139901A751221C274201252
:1077D50023C7122139901A7CE012210F901A7612D4
:0C77E5002139901A751221C2E40206201E
:10745F00901A751222B61223641222CA12211390A7
:10746F001A751221C21205DAB430057420120620E3
:10747F00901A76122139901A7812215712238A12F4
:10748F0022C9122113901A76122139901A781221DB
:10749F00571222C9122113901A76122139901A7598
:1074AF001221C27440122383122139901A7A1221A9
:1074BF0057EF1222CA122113901A76122139901AFD
:1074CF007A1221571222C9122113901A76122139DA
:1074DF00901A751221C2742E122383122139901A19
:1074EF007C122157EF1222CA122113901A76122101
:1074FF0039901A7C1221571222C9122113901A7631
:10750F00122139901A751221C27427122383122166
:10751F0039901A751221C2742012238312213990C7
:10752F001A7EE0FF901A75122113901A76122139E4
:0A753F00901A751221C2E402062022
:105B9B00901A751222B6ECF0A3EDF0901A7FE02468
:105BAB0032F0901A7EE03400F0D3A3E09463901AA5
:105BBB007EE09400400E901A7DE004F07006901A7F
:105BCB007CE004F0D3901A7DE09463901A7CE0940F
:105BDB00004012E4F0A3F0901A7BE004F070069002
:105BEB001A7AE004F0D3901A7BE0943B901A7AE097
:105BFB0094004012E4F0A3F0901A79E004F07006E0
:105C0B00901A78E004F0901A81E0901A78700612DE
:105C1B002157EF801B7D641221591222EB122113A5
:105C2B00901A76122139901A7812215712238AED85
:105C3B001222EC122113901A76122139901A781233
:105C4B002157ED1222EC122113901A761221399062
:105C5B001A7A1221571222EB122113901A76122163
:105C6B0039901A7A122157ED1222EC122113901A45
:105C7B0076122139901A751221C2742E12062090B9
:105C8B001A76122139901A7C1221571222EB12210B
:105C9B0013901A76122139901A7C122157ED122289
:105CAB00EC122113901A76122139901A80E0FF9092
:105CBB001A75122113901A76122139901A75122126
:055CCB00C2E402062006
:10294900901B1F122374901B1E1222F3901B20123E
:10295900217F901A58F0A3EFF0901B21122171905A
:102969001A5AF0A3EFF0901B24122171901A5CF00F
:10297900FAA3EFF0901B26122170901A5EF0A3EFD4
:10298900F0901B28E0901A62F0901A73F0AF03AE32
:1029990002E4122196C004C005C006C007901A5A65
:1029A9001222D71223CED003D002D001D000EF2BB0
:1029B900FFEE3A1221B71222911206E7901A63121A
:1029C90022D11223A1C004C005C006C007E47B06BA
:1029D900FAF9F8901A6312214812A59DD003D00282
:1029E900D001D000901A63122324901A6312227B1B
:1029F90012A59D901A63120898901665E0701090C0
:102A09001A631221481223AB7A1C79671277159041
:102A19001665E06402701612218C12221612225ACF
:102A290012233312220C901A7EF01281397A1B7903
:102A39001E1221DC901A80F0E4A3F0125B9B901621
:102A490065E0B401127B0112225A12234612220CAC
:102A5900901A7EF012745F901B0B122374901B0A5C
:102A69001222F3901B0C12217F901A58F0A3EFF059
:102A7900901B0D122171901A5AF0A3EFF0901B10C0
:102A8900122171901A5CF0FAA3EFF0901B12122137
:102A990070901A5EF0A3EFF0901B14E0901A62F0A8
:102AA900901A74F0AF03AE02E4122196C004C00577
:102AB900C006C007901A5A1222D71223CED003D0CB
:102AC90002D001D000EF2BFFEE3A1221B71222916A
:102AD9001206E7901A671222D11223A1C004C00579
:102AE900C006C007E47B06FAF9F8901A6712214874
:102AF90012A59DD003D002D001D000901A671223ED
:102B090024901A6712227B12A59D901A67120898C1
:102B1900901665E07010901A671221481223AB7A5B
:102B29001C793A127715901665E06402701A122121
:102B39008C1222167A1C793A12225E12233312223F
:102B49000C901A7EF01281397A1B790A1221DC90D5
:102B59001A80F0A37401F0125B9B901665E0B40132
:102B6900167B017A1C793A12225E12234612220C34
:102B7900901A7EF012745F901A73E0901A63B44E43
:102B89000812214812226C800912214812226C1263
:102B990003AD901A6B120898901A74E0901A67B4F2
:102BA900450812214812226C800912214812226C10
:102BB9001203AD901A6F1208987B017A1C7926903E
:102BC9001A6F122148901A7C120898901A6B1221D8
:042BD900480250E876
:10002600E4FEEEC39F50151221287420F074632E4F
:0C003600F582E43405F583E4F00E80E66A
:01004200229B
:10A160007F0A900562E4F0A3DFFCE4901A5AF07BCA
:10A1700064FAF9F8901B40122148120772129FFCF2
:10A18000901D5212211FEFF0901D4F12211FEFF072
:10A19000901D5012211FEFF0901D5112211F12220D
:10A1A0009812212B742EF0901D5312211F12229809
:05A1B00012212BE4F078
:01A1B5002287
:1059200020087912907212230B741DF074A21220B9
:10593000E51296AE122168747CF0A374DC1220E6A6
:10594000125A58300F0C7401F0A3741CF0A3748722
:10595000800A74FFF0A3747CF0A374DF1220E612B7
:1059600096AE122168747CF0A374E51220E6125AF8
:1059700058300F0C7401F0A3741CF0A3747C800ADF
:1059800074FFF0A3747CF0A374E91220E61296AEC3
:10599000122168747CF0A374F00259E990068FE03C
:1059A0007023122168747CF0A374F61220E6125A58
:1059B0005F1221CE1220E61296AE122168747CF09E
:1059C000A374FF802420032A122168747DF0A3743D
:1059D000021220E6125A5F1221CE1220E61296AE73
:1059E000122168747CF0A374FF1220E61296AE02B6
:1059F0005A51300362122168747DF0A3740F122093
:105A0000E61296AE12230B741AF0A374F61220E677
:105A10001296AE122168747DF0A374121220E61261
:105A200096AE12A1601221CE1220E61296AE12217D
:105A300068747DF0A374141220E61296AE901AA03A
:105A40003004051223B680031223591220E6129661
:105A5000AE1220D91296AE221296AE901AA0221241
:065A600096AE12A16022C7
:068A3D00901A5A1208987D
:108A43007F0A900562E4F0A3DFFCE4901A5EF090E5
:108A53001A5AE0FCA3E0FDA3A3EC33501BA312229C
:108A63009D12212B742DF0901A5A122148120804DA
:108A7300901A5A120898800C901A5E12229D1221A5
:108A83002B7420F0901A5AA312214D129FFC901DB3
:108A930052E0901A5E122123EFF0901D4FE0FF90F9
:108AA3001A5E122124EFF0901D50E0FF901A5E121F
:108AB3002124122391901A5E122124122399901AD1
:108AC3005E122124EFF0901A5E12229D12212BE4F4
:018AD300F0B2
:018AD400227F
:10A109007D0A900562E4F0A3DDFCE4901A5AF0128E
:10A119009FFC901D52E0FF901A5A122124EFF090F3
:10A129001D4FE0FF901A5A122124EFF0901D50E0C4
:10A13900FF901A5A122124122391901A5A1221249B
:10A14900122399901A5A122124EFF0901A5A1222C6
:06A159009D12212BE4F031
:01A15F0022DD
:1094E70012391F122163747DF0A3741E1220E61235
:1094F70096AE7F0E1221CB1220E61296AE1221688D
:10950700747DF0A374261220E61296AE1220D912AB
:1095170096AE1220D91296AE1220D91296AE12200C
:10952700D91296AE1220D91296AE1220D91296AE43
:1095370012592012216812235D1220E61296AE12EC
:1095470020D91296AE1221681223D71220E612965E
:04955700AE02B46C40
:10A7A7007D0A900562E4F0A3DDFCE4901A5AF012EA
:10A7B7009FFC901D50E0FF901A5A122124122391FA
:10A7C700901A5A122124122399901A5A122124EF0F
:0CA7D700F0901A5A12229D12212BE4F07F
:01A7E3002253
:1042830012391F122163747DF0A3742F1220E612DA
:1042930096AE2008147F0B1221CB1220E612443075
:1042A300741BF0A37445024325122168747DF0A3A7
:1042B30074371220E61296AE7F0212650012230BAA
:1042C300741BF0A374F71220E61296AE12216874E1
:1042D3007DF0A3743C1220E61296AE7F02128DBDD0
:1042E30012443B1221CE1220E61296AE12216874BC
:1042F3007DF0A374121220E61296AE20040B122155
:1043030068747DF0A374408019901A58E0FEA3E00E
:10431300FF901AD2E0FCA3E0FD12A85C12443B120A
:1043230021CE1220E61296AE1220D91296AE901B21
:1043330005E0FEA3E0FF12A109122168747DF0A33A
:1043430074431220E61296AE1221CE1220E6129684
:10435300AE122168747DF0A374481220E612443033
:10436300741CF0A374261220E61296AE1220D91202
:1043730096AE901B44E0701D901AF2122148128AE7
:104383003D122168747DF0A3744D1220E61296AE9F
:104393001221CE8018122168747DF0A3744D12206F
:1043A300E61296AE122168747DF0A374551220E6CE
:1043B3001296AE122168747DF0A374521220E61295
:1043C30096AE12230B741CF0A374671220E61296A8
:1043D300AE1220D91296AE12230B741CF0A3743ABA
:1043E3001220E61296AE1220D91296AE12230B7447
:1043F3001BF0A3742D1220E61296AE1220D912964A
:10440300AE125920901AA03004051223B68003126D
:1044130023591220E61296AE1220D91296AE12211B
:0D442300681223D71220E61296AE02B46C88
:104430001296AE901AA07401F0A322901A58EEF0D2
:07444000A3EFF012A7A72271
:104AD90012391F122163747DF0A3745C1220E6124F
:104AE90096AE7F0C1221CB1220E61296AE122168E7
:104AF900747DF0A374641220E61296AE1220D912C6
:104B090096AE122168747DF0A3746C1220E6129699
:104B1900AE1220D91296AE122168747DF0A3748268
:104B29001220E61296AE1220D91296AEE4FF0F2497
:104B39006212212B7420F0E4FE746E2EF582E434A7
:104B4900161222E012212BEDF00EEEB402EBAE07A5
:104B59000F1221287440F0E4FE74702EF582E434BB
:104B6900161222E012212BEDF00EEEB405EBAE0782
:104B79000F1221287427F0AE070F1221287420F094
:104B8900901675E0FEAD070F74622D12212BEEF021
:104B9900AE070F122128E4F07B01041221D0F07A2C
:104BA9000479041296AE1220D91296AEE4FFFE746F
:104BB9007E2EF582E434161222E012212BEDF00E3E
:104BC900EEB403EBAE070F1221287440F0E4FE7433
:104BD900812EF582E434161222E012212BEDF00E1B
:104BE900EEB405EBAE070F1221287427F0AE070FBC
:104BF9001221287420F0901686E0FEAD070F74622A
:104C09002D12212BEEF074622F12212BE4F07B017F
:104C1900901AA0041221D3F07A0479041296AE12E4
:104C290020D91296AE122168747DF0A3748E1220D9
:104C3900E61296AE1220D91296AE125920122168A8
:104C490012235D1220E61296AE1220D91296AE12E8
:0E4C590021681223D71220E61296AE02B46C28
:10AF3A00901C25E0FE901C24E0B506037F002290B9
:10AF4A001C24EEF07BFF7A7D799B12A90E7F0122E9
:10A76900901C7BE004F0E0D394024004E4F0B208CA
:10A7790012AF3AEF6401602590068FE07007901CD4
:10A7890025F0024AD9200309901C257401F002948E
:0EA79900E7300309901C257402F0124283225F
:03B478000D0A00BA
:08B43800F582740C3EF583223D
:08B430002009FDD2098F9922C9
:10A9B800901A5DEBF0A3EAF0A3E9F0901A5DE0FBD2
:10A9C800A3E0FAA3E0F91205DA6017901A5DA3E490
:10A9D80075F0011206D1A9F0FA1205DAFF12B430A7
:03A9E80080D922F1
:10000E00129FFC7B017A1D794512A9B87BFF7AB449
:05001E00797802A9B889
:03002300029DCC6F
:109DCC00C0E0C0F0C083C082C0D075D00830990606
:109DDC00C299C209803D30983AC298900CE5E4F0E3
:109DEC00900CE375F0011206D1FE74E625F012B466
:109DFC0038E599F0900CE3E0FEA3E0FF24E612B402
:109E0C0038E4F0D3EF9422EE94014007900CE3E495
:0E9E1C00F0A3F0D0D0D082D083D0F0D0E032CE
:109BE500900CE3E07002A3E06057900CE5E0D3949D
:109BF50005404EE4FFFE900CE3E0FCA3E0FDD39F9F
:109C0500EC9E402774E62F12B438E0FB74F62FF56E
:109C15008274133EF583EBF074F72FF58274133ECF
:109C2500F583E4F00FBF00010E80CB9013F4ECF048
:109C3500A3EDF0E4900CE3F0A3F0A3F07F0112ACE8
:019C45004FCF
:019C460022FB
:10B0BA0075985075D7C075D6FD758E14438E01C22A
:0BB0CA0009E4900CE3F0A3F0D2AC22EC
:03B47B000D0A00B7
:08B44800F582740F3EF583222A
:08B44000200AFDD20A8F9B22B5
:10A9EB00901A78EBF0A3EAF0A3E9F0901A78E0FB69
:10A9FB00A3E0FAA3E0F91205DA6017901A78A3E442
:10AA0B0075F0011206D1A9F0FA1205DAFF12B44063
:03AA1B0080D922BD
:030043000299F42B
:1099F400C0E0C0F0C083C082C0D075D008E59A3002
:109A0400E107539AFDC20A8040E59A30E03B539A3D
:109A1400FE900F40E4F0900F3E75F0011206D1FE67
:109A2400744125F012B448E59BF0900F3EE0FEA38C
:109A3400E0FF244112B448E4F0D3EF94F4EE94012F
:109A44004007900F3EE4F0A3F0D0D0D082D083D072
:049A5400F0D0E0323C
:10B22800129FFC7B017A1D794512A9EB7BFF7AB44A
:05B23800797B02A9EB87
:109C4700900F3EE07002A3E06057900F40E0D3947E
:109C57000A404EE4FFFE900F3EE0FCA3E0FDD39FD9
:109C6700EC9E402774412F12B448E0FB74F62FF5A1
:109C77008274133EF583EBF074F72FF58274133E6D
:109C8700F583E4F00FBF00010E80CB9013F4ECF0E6
:109C9700A3EDF0E4900F3EF0A3F0A3F07F0212AC27
:019CA7004F6D
:019CA8002299
:10B2F400759A50C20AE4900F3EF0A3F043AF0122C6
:0EB36D00244750524D430024475047474100AB
:1097ED00901A53E475F0011206BB901A56E475F009
:1097FD00011206BB901A55E0FBA3E0FAA3E0F912A3
:10980D0005DAFF901A52E0FBA3E0FAA3E0F9020596
:10981D00DA901A53E475F0011206BB901A56E475EE
:10982D00F0010206BB90184EE0FEA3E02451F58234
:10983D0074183EF58322E5ADF090184FE004F02248
:0A984D00E4F0901A5574FFF0A32216
:10A6A900901A52EBF0A3EAF0A3E9F0A31298046F11
:10A6B90060037F00221297ED6F60037F00221298DA
:10A6C9001E1297ED6F60037F00221297ED6F6003F2
:10A6D9007F00221297ED6F60037F002212981E7F80
:02A6E90001224C
:03008B000277F108
:1077F100C0E0C0F0C083C082C0D075D008E5AC3015
:10780100E10853ACFDC20B0278C1E5AC20E00302F4
:1078110078C153ACFE901850E0FF64027003027807
:10782100C190184EE0FCA3E0FDD39478EC940040A5
:10783100030278BAEF704874D12DF58274183CF5C3
:1078410083129843700690184EE004F0E5ADB40A37
:107851002E90184EE0FEA3E024D1F58274183EF577
:107861008312984D74B3F0A3746DF07B017A18798B
:10787100D112A6A9BF01069018507401F0803A9068
:107881001850E064017039129832129843700690D2
:10789100184EE004F0E5ADB40A2612983212984D64
:1078A10074B3F0A37474F07B017A18795112A6A90C
:1078B100BF01069018507402F090184EE4F0A3F046
:0B78C100D0D0D082D083D0F0D0E032D5
:10A48000901850E06402702D30A71C901663E0B461
:10A4900001127B017A1879D112A9EB7B017A187924
:10A4A0005112A9EB1291FEE4901951F0901850F05E
:10A4B00090068F04F0901951E0D39405400AE4F01F
:09A4C000C203D2A690068FF0221F
:10AE910053BAFD75AC5075D5C075D4FD43D102438D
:10AEA100D108C20BE4901850F090184EF0A3F04373
:03AEB100AF0822C5
:08B45800F58274113EF5832218
:08B45000200CFDD20C8F8522B7
:10A90E00901A94EBF0A3EAF0A3E9F0901A94E0FB0E
:10A91E00A3E0FAA3E0F91205DA6017901A94A3E403
:10A92E0075F0011206D1A9F0FA1205DAFF12B45031
:0AA93E0080D9E4900000F0A3F0229D
:03009300029A5876
:109A5800C0E0C0F0C083C082C0D075D008E58430B3
:109A6800E1075384FDC20C8040E58430E03B538419
:109A7800FE90119BE4F090119975F0011206D1FE49
:109A8800749C25F012B458E585F0901199E0FEA376
:109A9800E0FF249C12B458E4F0D3EF9426EE94022D
:109AA8004007901199E4F0A3F0D0D0D082D083D0B1
:049AB800F0D0E032D8
:109CA900901199E07002A3E0605790119BE0D39462
:109CB9000A404EE4FFFE901199E0FCA3E0FDD39F1A
:109CC900EC9E4027749C2F12B458E0FB74F62FF5D4
:109CD9008274133EF583EBF074F72FF58274133E0B
:109CE900F583E4F00FBF00010E80CB9013F4ECF084
:109CF900A3EDF0E4901199F0A3F0A3F07F0412AC66
:019D09004F0A
:019D0A002236
:10B0130075845075D3C075D2FD43D12043D180C20E
:0CB023000CE4901199F0A3F043AF102250
:10606000244130302C002C000D0A0048454C4C4F88
:1060700000244130300D0A00244130312C002441ED
:1060800030390D0A00244131300D0A0024413131EC
:106090000D0A00244200244300244430300D0A003D
:1060A000244430302C4F4B0D0A00244630300D0A6A
:1060B00000244630302C4F4B0D0A0041542B544FD6
:1060C0004E453D313230300D0A0041542B544F4E75
:1060D000453D323230300D0A0041542B544F4E456D
:1060E0003D4F46460D0A00244133300D0A0024413D
:1060F00033310D0A00244135300D0A00244135307A
:106100002C00244135310D0A00244135312C004149
:10611000542B4953503D4F4E0041542B5253543D44
:10612000310041542B5345543D52454144004154A4
:106130002B5345543D57524954450041542B564525
:10614000523D3F0041542B54583D4F4E0041542B7B
:1061500044454D4F3D4F4E0041542B544F4E453D0D
:10616000313230300041542B544F4E453D323230A5
:10617000300041542B544F4E453D4F46460041544C
:0C6180002B4C433D434C45414E0D0A00A2
:109857003EF583E0FD744E2FF58274163EF58322A4
:10986700901A5CE0FF24F6F582E43413F583E022D6
:10987700900690E0FCA3E02404F582740022E0FE49
:10988700A3E0FFC3EE940222901A5CE004F022EBFF
:10989700F0A3EAF0A3E9F02274F72FF582E434137A
:1098A700F583E022F0900691E004F022900690E024
:0A98B70004F0227BFF7A607968223A
:107087009013F6E064C060037F00229013F7E0607E
:10709700037F00229013F4E0FCA3E0FD24F5F582C2
:1070A70074133CF583E064C060037F0022C3ED9452
:1070B70004EC940050037F0022E4900690F0A3F0C4
:1070C700901A5C7402F09013F5E024FFFF9013F41C
:1070D700E034FFFE901A5CE0FDC39FE49E4003028C
:1070E700717F74F62D12986E64C07032D39006913A
:1070F700E09400900690E09400400CE4FF1287CAE9
:107107007F047E0012B18612988FE012986CB4C08B
:107117000312988FE4900690F0A3F0027179129809
:1071270067B4DB1D12989FB4DC17900690E0FE123F
:10713700987C3EF58374C01298AB70221298B38086
:107147001D129867FEB4DB1B12989FB4DD151298C9
:10715700773CF58374DB1298AB70031298B31298DF
:107167008F800F1298773CF583EE1298AB7003125D
:0F71770098B312988F0270CDE4FF1287CA7F0180
:0171860022E6
:06A94800901A5C129896C3
:10A94E00901A5CE0F9A3E0FAA3E0901A78C9129885
:10A95E00977B017A1379F6127DA2901A5F12989660
:10A96E00901A5FE0FBA3E0FAA3E04A4B60037F017D
:03A97E00227F0035
:01A9810022B3
:10A3EB0012A7E47BFF7A60796012A90E7B017A1DBC
:10A3FB00795412A90E7BFF7A60796612A90EE4904C
:10A40B001A5CF0A3F0901A5C129885501812985CA5
:10A41B00E0FF12B450901A5DE004F070E8901A5C03
:0BA42B00E004F080E01298BA02A90ED5
:108C98009013F4E064027004A3E064076003028D9B
:108CA8002B901A59F0A3F0901A59E0FEA3E0FF2484
:108CB800FBF5827413129857EDF0901A5AE004F0FD
:108CC8007006901A59E004F0901A59E0B402D8A33B
:108CD800E0B400D312A89812B02F901679E0B4012E
:108CE80004D2A78002C2A7901688E07004C2B6809A
:108CF80002D2B67BFF7A60796B12A9EBE4901A591D
:108D0800F0A3F0901A59129885501812985CE0FF59
:108D180012B440901A5AE004F070E8901A59E0042E
:038D2800F080E0F8
:018D2B002225
:1045FB007BFF7A60797112A948BF010612A3EB7F8A
:10460B0001227BFF7A60797812A948BF0106128CD0
:10461B00987F01227BFF7A60797E12A948BF010245
:10462B00800C7BFF7A60798512A948BF010612AA1C
:10463B00E47F01227BFF7A60798C12A948BF010DC0
:10464B00901651E0B4010312AAE47F01227BFF7A9A
:10465B0060799312A948EF640170159013F4E07020
:10466B0004A3E06406700612477C1232EF7F01222E
:10467B007BFF7A60799612A948EF6401701590134D
:10468B00F4E07004A3E06406700612477C1281E923
:10469B007F01227BFF7A60799912A948BF010C1226
:1046AB009E2A7BFF7A6079A00247737BFF7A607941
:1046BB00AA12A948BF01117F0112269C12ADBB7B28
:1046CB00FF7A6079B10247737BFF7A6079BB12A9DD
:1046DB0048BF010612B1E37F01227BFF7A6079CAE2
:1046EB0012A948BF010612B1FA7F01227BFF7A6043
:1046FB0079D912A948BF010612B13D7F01227BFF78
:10470B007A6079E712A948BF010612AB9F7F01229D
:10471B007BFF7A6079EE12A948BF0105D2057F01B4
:10472B00227BFF7A6079F512A948BF01177BFF7ACC
:10473B006079FC12A90E7BFF7A6179B612A90E1271
:10474B0098BA80247BFF7A61790212A948BF011EB7
:10475B0012A7E47BFF7A61790912A90E7B017A1DFE
:10476B00795412A90E1298BA12A90E7F01227F005A
:10477B00227F04FE12B1869013F8E024D0FFE434BC
:10478B00FFFE7C007D0A120654A3E024D0FDEC341E
:08479B00FFCD2FFFED3EFE22D1
:0547A300901A59EFF02F
:1047A800BF01127BFF7A61790F12A948BF01067514
:1047B800C7607F01227BFF7A61791912A948BF017E
:1047C800030248EE901A59E0B40209127087BF013B
:1047D800037F01227BFF7A61792212A948EF6401E5
:1047E8007059901A59E07BFF7A60796BB401051211
:1047F800A9B8800312A9EBE4901A5AF0A3F0901A12
:104808005A1298855032901A59E0B4010A12985CED
:10481800E0FF12B4308011901A5AE0FEA3E0244E53
:1048280012985FE0FF12B440901A5BE004F070CE7B
:10483800901A5AE004F080C67F01227BFF7A6179E2
:104848002E12A948EF640170639013F4E0640270BB
:1048580004A3E0640C7055901A5AF0A3F0901A5A09
:10486800E0FEA3E0FF2402F5827414129857EDF0DD
:10487800901A5BE004F07006901A5AE004F0901A5F
:104888005AE0B402D8A3E0B400D312A89812A3EB5C
:1048980012B02F901679E0B40104D2A78002C2A703
:1048A800901688E07004C2B68002D2B67BFF7A61A7
:1048B800793B12A948BF010B901A59E0FF1286886C
:1048C8007F02227BFF7A61794412A948BF01061250
:1048D800AAE47F02227BFF7A61794D12A948BF01C1
:1048E8000B7F0112269C75C7207F01227BFF7A610E
:1048F800795812A948BF010612B1E37F01227BFF54
:104908007A61796512A948BF010612B1FA7F0122BE
:104918007BFF7A61797212A948BF010612B13D7F07
:1049280001227BFF7A61797E12A948BF010612AB8A
:064938009F7F01227F00B9
:01493E002256
:10AC4F00901A58EFF0BF01047F018009901A58E065
:10AC5F00B402087F021247A37F0022901A58E0B473
:0BAC6F0004061245FB7F00227F00223C
:0EB38900244530310D0A00244530300D0A00F5
:10ABF800901821E025E04430FD7FE122D2A3C2A6CF
:10AC08007F0A7E0022901821E025E0FD7B1C7FE171
:0CAC1800229006957401F07F0A7E002255
:050006000000000022D3
:10B0EF00E4FEC293EF30E004D2948002C294EFC327
:09B0FF0013FFD2930EEEB408E930
:01B108002224
:10B1B500E4FFFEC293EFC313FF3092034480FFD236
:06B1C500930EEEB408ED4C
:01B1CB002261
:10B10900E4FEC293EF30E704D2948002C294EF25A3
:09B11900E0FFD2930EEEB408E948
:01B12200220A
:10B1CC00E4FFFEC293EF25E0FF3092034401FFD26F
:06B1DC00930EEEB408ED35
:01B1E200224A
:10B26400C2C41200067F0112B109D2C47F147E0049
:03B2740002B16EB6
:10B2D200C2C412B109AF0512B109AF0312B109D24A
:02B2E200C42284
:10AF5A00C2C412B10912B1CCAD077C0012B1CCAB9C
:0FAF6A0007D2C4AF05EFFEAD03E42DFFEC3EFEB2
:01AF790022B5
:05008E007FE602AF5AFD
:0CB3C000C2C47FE512B10912B1B5D2C4BD
:01B3CC00225E
:02AFD700AD07C4
:10AFD900C2C47FE312B109AF0512B0EFD2C4800435
:0BAFE900EE20E4077FE612AF5A80F56F
:01AFF400223A
:06B4720012AC0D02B2D283
:10B1E30012AC0412B16E7BFF7AB3798912A90E7B7C
:07B1F3001B12ABF802B2D2FF
:10B1FA0012AC0412B16E7BFF7AB3798912A90E7B65
:07B20A001A12ABF802B2D2E8
:10B13D0012AC0412B16E12AC0D12B2D2C2A3D2A6D1
:09B14D007BFF7AB3799002A90E90
:10B30400901821E025E04430FD7B1C7FE102B2D29D
:0EB37B0012AC1912B16EE4FBFD7FE002B2D2FB
:10B02F0012AC1912B16E901822E025E04430FD7B6E
:0CB03F003E7FE212B2D2E4900695F022AF
:10ACD00012B2647F017E0012B1867B807D117FE01D
:10ACE00012B2D27F017E0012B1867B407D117FE0DF
:09ACF00012B2D212B47202B02FAC
:10A4C9007D017F7E12A628901A64E004F022901A7A
:10A4D90063E004F022E4901A63F0A3F022901A5F7B
:10A4E900E0FBA3E0FAA3E0F92274C12FF582740915
:10A4F9003EF58322C3901A64E09F901A63E022908C
:09A509000CE1E0FEA3E07803225E
:02A5E100AD07C4
:10A5E300900CE2E004F07006900CE1E004F012A598
:10A5F30008CEC313CE13D8F9FF900CE2E05407FC46
:10A60300EDB4011C12A4F2C083C082E0FFAE04A823
:10A61300067480088002C313D8FC4FD082D083F025
:01A623002214
:04A62400E0FFE4FD72
:04A62800AB07A905CE
:10A62C00E4FAEB54017008B20D9009C0F08006906A
:10A63C0009C0E004F0A20DE433FF12A5E19009C0BB
:10A64C00E0B4050DE9700AF0B20DA20D33FF12A5AE
:0AA65C00E1EBC313FB0AEAB408C8DF
:01A6660022D1
:0E6A5B00901A5FEBF0A3EAF0A3E9F0A3EDF0D0
:106A6900E4A3F0A3F0901A63E0FEA3E0FFC394EE61
:106A7900EE9402500F12A4F2E4F012A4D070E612C0
:106A8900A4D780E1E4900CE1F0A3F0D20D12A4E6C2
:106A9900A3E0FD12964212B30412A4DE901655E04B
:106AA90075F008A4241EFFE435F0FE12A4FD9E50E3
:106AB9000A12A4C970E612A4D780E112A4DE901AC2
:106AC90062E0FF12A4FD9400502012A4E61205DA38
:106AD900FFE4FD12A628901A60E475F0011206BBC6
:106AE90012A4D070D912A4D780D4901DB612A624AE
:106AF900901DB512A62412A4DE12A4C9700312A413
:106B0900D7C3901A64E09402901A63E0940040E9B4
:106B190012A508CEC313CE13D8F92401FFE43E9081
:106B29001A65F0A3EFF012A4DE901A65E0FEA3E067
:106B3900FF901A63E0FCA3E0FDC39FEC9E5019741B
:106B4900C12DF58274093CF583E0FF12AFD712A479
:0B6B5900D070D612A4D780D102B47215
:10AD4800544154414C3A2020006F7665723A2020D5
:10AD5800006572723A202000525820434F554E54D5
:07AD68003A2020000D0A0053
:107C1000FE740425F0F58274003EF58374C0F09084
:107C20000690E475F0010206D174042FF582740009
:107C30003EF58322900002E0FFA3E0900690CFF093
:107C4000A3EFF022FC749C25F0F58274063CF583CA
:107C5000EFF0D39009BDE094229009BCE09401229A
:107C600090069AE024FEFF900699E034FFFED39040
:107C700009BFE09F9009BEE09E22FC740425F0F548
:107C80008274003C22FF900699EEF0A3EFF0E4909E
:107C900009BEF0A3F0900690F0A3F0FFFE2274DB83
:107CA000F074052FF58274003EF58322C313F0446F
:107CB00080F090069BE004F02274032DF58274009E
:107CC0003CF583E0229009BCE0FEA3E022E49009A9
:0C7CD000BCF0A3F02212A26090069622E5
:10A260009009BFE004F070069009BEE004F0900988
:10A27000BEE0FCA3E0FDAE047803CEC313CE13D83A
:10A28000F9FFED5407FD749C2FF58274063EF583AB
:10A29000E0FB7A007E007480A805088006CEA2E765
:10A2A00013CE13D8F8FFEE5AFEEF5B4E60037F012A
:03A2B000227F000A
:01A2B3002288
:10A39F00E4900698F0127CD5EFF0E490069BF0F96C
:10A3AF00127C6040037F0022127CD5E06F6023EFA8
:10A3BF00F0900698E0C313F090069BE0B4060C09EA
:10A3CF00E9D394004005E4F07F0122E490069BF06E
:0CA3DF0080CE900698E0FF127CAC80C499
:10A2B400E4900697F0F9E9C394085044127C604096
:10A2C400037F0022127CD5E06F6024EFF090069BA0
:10A2D400E0FF64056012EFB406069006977401F07F
:10A2E400900698E0C313F009E490069BF080C790B1
:10A2F4000698E0127CACE0B407037F05220980B61F
:02A304007F01D7
:01A306002234
:10A05700900002E0FEA3E0FF2404F974003EFA7BBF
:10A0670001900690A3E024FEC39FFD12964290063E
:10A0770090E0FCA3E0FD2402F58274003CF583E048
:10A08700FF901DB6E06F60037F0022127CB9FF903E
:10A097001DB5E06F60037F0022900691E024FEF07B
:0AA0A700900690E034FFF07F0122E4
:10684600EF4E700B12A39FEF640160037F002212CC
:10685600A2B4EF640160037F0122900698E0647E93
:1068660060ED900690E0FFA3E0900002CFF0A3EF6A
:10687600F0D3900691E09484900690E0940340064D
:10688600127C347F0322900698E0FF127C1F127C54
:106896007AF583EFF012A2B4EF64016006127C343D
:1068A6007F0222900697E0B401C712A057EF640159
:1068B600600302694B900002E0FEA3E0FFD390065E
:1068C60091E09F900690E09E4078127C29E0FD645E
:1068D600DB6005ED64C07026900690E0FCA3E0FD49
:1068E600D3ED9FEC9E4017127CB9FB74042DF58204
:1068F60074003CF583EBF0ED1D70E51C80E2127C24
:1069060029E0B4DB17127C29127C9E74DDF0900618
:1069160091E004F07006900690E004F0127C29E005
:10692600B4C017127C29127C9E74DCF0900691E0AC
:1069360004F07006900690E004F00FBF00010E020E
:0A69460068C37F0522127C347F0431
:016950002224
:05AB1400901DBBEFF0F5
:10AB1900E4A3F0901DBBE030E7047F2D80077F5F41
:10AB290012B4407F2012B440901DBBE025E0F0A391
:09AB3900E004F0E0C3940840DAE6
:01AB420022F0
:10444700E4901DA0F0A3F01245DCEE20E2037F000C
:1044570022127CCD901D9EF0A3F0901D9CF0A3F03E
:10446700901D9AE0FEA3E0FF30E004C2968002D2DE
:1044770096EF30E40E901D9FE004F07006901D9EAD
:10448700E004F0EF30E50E901D9DE004F07006901B
:104497001D9CE004F0EF30E60E12B3C09009BC1289
:1044A7007C22127C4450071245DCEE20E2B27BFFEF
:1044B7007AAD794812A9EB9009BC1245E87BFF7ADF
:1044C700AD795112A9EB901D9C1245E81245F19068
:1044D7001D9EE0FEA3E0FF12B228900693E004F0D1
:1044E7007006900692E004F07BFF7AAD796012A91E
:1044F700EB900692E0FEA3E0FF12B228E4901D982D
:10450700F0A3F0127CC5FF901D98E0FCA3E0FDC36B
:104517009FEC9E501F749C2DF58274063CF583E03A
:10452700FF12AB14901D99E004F070D7901D98E02E
:1045370004F080CF127CC57803C333CE33CED8F9CD
:10454700127C85126846901D9AE4F0A3EFF0E49080
:104557001D98F0A3F01245F1901D9AA3E02430FFB7
:1045670012B4407BFF7AAD796C12A9EB901D9AE0EB
:104577007004A3E064057019901DA0F0A304127CD9
:104587001E127C10127C10FE740425F0127C2CE4A1
:10459700F07F017E001268467E00901D9AEEF0A320
:1045A700EFF06403601D901D99E004F07006901D04
:1045B70098E004F0C3901D99E09414901D98E0943E
:1045C700004092901DA0E07004A3E0640170037F97
:0445D70001227F003E
:1045DB002212008E901D9AEEF0A3EFF022E0FEA3C4
:1045EB00E0FF12B228227BFF7AAD795912A9EB2298
:108AD500E4901A5AF0A3F0FF900695E064017078CF
:108AE500900693E004F07006900692E004F0127C84
:108AF500C57803C333CE33CED8F9127C85126846C8
:108B0500E4901A58F0A3F0EFB4051D901A5AE4F05A
:108B1500A304127C1E127C7A127C1A127C7A127CB7
:108B25001A127C7AF583E4F07F017E00126846EF25
:108B35006403601D901A59E004F07006901A58E01D
:108B450004F0C3901A59E09428901A58E094004014
:108B5500B6127CCD900695F0901A5AE07004A3E009
:078B6500640170037F05228B
:018B6C0022E6
:10A72A0020A33B900695E06401603312008EEE2070
:10A73A00E214C39009BDE094289009BCE09400504B
:10A74A0017E4F0A3F022EF30E61412B3C09009BC6C
:0EA75A00127C22127C4440069006957401F099
:01A7680022CE
:0FB32400E4900695F0127CCE900692F0A3F022F2
:10B12300576169742E2E2E0D0A0044415441204369
:0AB133006C65616E204F4B0D0A00A1
:10B0670012AD9D12B3337FA102AD9D12B413D2C2AC
:0CB077007F057E0022E0FEA3E0FFC32264
:05B3140012B319D2A5DF
:0AB31900E4FF0000000FEFB40AF893
:01B323002207
:0FB33300D2A412B314C2A412B319C2A502B31943
:0AB41300C2A412B314D2A402B319AC
:0EB39700A20692A4D2A512B319C2A502B31940
:0EB3A500D2A5D2A412B319A2A4C2A502B31954
:07AD9600C2C212B3337FA01B
:02AD9D00AE07FF
:10AD9F00E4FDEE25E0FE92A412B314C2A512B3197E
:0BADAF000DEDB408ED12B3A5E433FF76
:01ADBA002276
:10AF1900E4FED2A4FDEE25E0FED2A512B319A2A447
:10AF2900E4334EFEC2A512B3190DEDB408E7AF061E
:01AF390022F5
:10AFF500AB07AA06AC0512AD96EAFF12AD9DAF03ED
:0EB0050012AD9DAF0412AD9D12B07202B16E7D
:04B04B00AB07AA069F
:10B04F0012AD98EAFF12AD9DAF0312B06712AF19A0
:07B05F00AE0712B413AF06A7
:01B0660022C7
:089F4200901A91EEF0A3EFF07C
:109F4A0012AD96901A91E0FF12AD9DA3E0FF12ADFB
:109F5A009DE4901A98F0A3F0901A9612B07C901A89
:109F6A0099E09F901A98E09E501E1205DAFF12ADF2
:109F7A009D740129F9E43AFA901A99E004F070D82C
:109F8A00901A98E004F080D012B07212B16E901A52
:049F9A0098A3E0FFA9
:019F9E0022A0
:08947100901A78EEF0A3EFF071
:1094790012AD98901A78E0FF12AD9DA3E0FF12B0EB
:1094890067E4901A7FF0A3F0901A7D12B07C901ACD
:1094990080E09F901A7FE09E504112AF19EF1206AB
:1094A90020740129F9E43AFA901A7EE024FFFF902A
:1094B9001A7DE034FFFE901A7FE0B50608A3E0B5F7
:1094C9000703D38001C3920612B397901A80E00470
:0E94D900F070B5901A7FE004F080AD02B4137D
:109E2A007BFF7AB1792312A9EBE4FF7E8090195265
:109E3A0074FFF0A3DEFCE4901A59F0A3F0901A59CB
:109E4A0012B07CEE9402502DEF7807C333CE33CE96
:109E5A00D8F9FF7B017A197952901A96E4F0A37423
:109E6A0080F0129F42901A5AE004F070D0901A596A
:0E9E7A00E004F080C87BFF7AB1792D02A9EBDD
:109ABC0074512FF58274193EF583E0FD74522FF525
:109ACC008274193EF583EDF022EEF0A3EFF0901ABC
:109ADC007D7B017A197952E4F0A37480F07F007ECB
:109AEC006522901A77E475F0011206D1FE747D257B
:109AFC00F0F582741A3EF583223EF583EDF00F22C9
:109B0C00901A5AE0FEA3E0FF22F07B017A197952F9
:049B1C00901A9622E3
:0823DE00901A75EEF0A3EFF078
:1023E6007E017F00901952E4F0A3DFFCDEFA300391
:1023F6003990196B7441F0E4FEFF74452FF5827431
:102406001B129AC30FBF00010EEF64084E70EB7EDD
:10241600007F0874272FF582741B129AC30FBF0022
:10242600010EEF64104E70EB802590196B7456F018
:10243600E4FF7E10901952742DF0A3DEFC9019541F
:10244600743AF0901957F090195CF090195FF0E427
:10245600FEFF74D52FF582741B3EF583E0FD746292
:102466002FF5827419129B05BF00010EEF64094E09
:1024760070E0E4FEFF74CB2FF582741B3EF583E01B
:10248600FD74722FF5827419129B05BF00010EEFC1
:1024960064084E70E0901C05E0901979F0E4FEFFA8
:1024A60074F62FF582741B3EF583E0FD747B2FF5E1
:1024B600827419129B05BF00010EEF64064E70E090
:1024C600E4FEFF74BD2FF582741B3EF583E0FD74B8
:1024D600822FF5827419129B05BF00010EEF640965
:1024E6004E70E0901C00E090198AF0E4FEFF741034
:1024F6002FF582741C3EF583E0FD74922FF58274ED
:1025060019129B05BF00010EEF64064E70E0E4FE53
:10251600FF741A2FF582741C3EF583E0FD74992F23
:10252600F5827419129B05BF00010EEF64064E700A
:10253600E07E007F3A74CC2FF582741B129AC30F8B
:10254600BF00010EEF643D4E70EB901BE1E0901969
:1025560091F0E4901A77F0A3F0901BC712263C1274
:102566009AEEE4F0FEFF747D2F129AFDE0FD746C86
:102576002FF5827419129B05BF00010EEF64034EFE
:1025860070E4E4901A77F0A3F0901BDF12263C1259
:102596009AEEE4F0FEFF747D2F129AFDE0FD746F53
:1025A6002FF5827419129B05BF00010EEF64034ECE
:1025B60070E4900690E0FCA3E0FDD3947FEC9400D9
:1025C600901A794008E4F0A3747FF08005ECF0A33C
:1025D600EDF0E4FEFFD3901A7AE09F901A79E09E20
:1025E600401C74042FF58274003EF583E0FD74D21E
:1025F6002FF5827419129B05BF00010E80D7901A21
:1026060076E07F00FE901A7BF0A3EF129B15F0A3F5
:102616007480F0129F42901A7CE02480FF901A7B0F
:10262600E03400FE7B017A1979D2901A96E4F0A381
:062636007480F0029F42D7
:10263C00E0FEA3E0FF129FFC901D50E0FF901A7784
:10264C00E475F0011206D1FC747D25F0F582741A44
:10265C003CF583EFF0901D51E0FF901A77E475F094
:10266C00011206D1FC747D25F0F582741A3CF583B9
:10267C00EFF0901D53E0FF901A77E475F00112060D
:10268C00D1FC747D25F0F582741A3CF583EFF022B1
:03AC7A00901A75B8
:10AC7D00129AD51294717F787E00129ABCEF1F70D4
:10AC8D00011EEF4E70F4901A75A3E0901952F090DA
:08AC9D001A96129ADD029F4293
:038FEB00901A7564
:108FEE00129AD5129471901952E0FF7E00901A7564
:108FFE00E0FCA3E0FDB5070AEEB50406901952EDAC
:10900E008056E4FFFE74522FF58274193EF583E00C
:10901E00FD901A75E0B4000AA3E0B50505A3EFF0C4
:10902E008014EF64634E70037F02220FBF00010EA7
:10903E00EF64644E70CF901A77E0FF7E00D3EF940A
:10904E0000EE9400400A129ABCEF1F70F01E80EDE5
:10905E00901A75A3E0901952129B15129AE3129F63
:03906E00427F013D
:0190710022DC
:10661E00E4901A5AF0A3F0129B0CC39464EE94000B
:10662E004003026723EFA3F0A3E4F0901A58F0A3FF
:10663E00F0901A58E0FEA3E0FFC39409EE940050C8
:10664E0045901A5DE02410FD901A5CE03400CD2FC9
:10665E00FFED3EFE12B04B901A58E0FCA3E0FD2475
:10666E005EF582741A3CF583EFF0745F2DF582743B
:10667E001A3CF583E4F0901A59E004F070B3901AC6
:10668E0058E004F080AB901A5EE0B4FF0C129B0C45
:10669E001267261223DE7F0022901A787401F0A36F
:1066AE00741AF0A3745EF07B017A1B79D5127DA269
:1066BE00901A72EBF0A3EAF0A3E9F0901A72E0FBE5
:1066CE00A3E0FAA3E04A4B6012129B0C128FEBBFB1
:1066DE000106129B0C1223DE7F0122901A5AE070E3
:1066EE0004A3E06463701A7F637E6512B04B7E0074
:1066FE00901A5AEEF0A3EFF01267261223DE7F02F5
:10670E0022901A5BE004F06003026625901A5AE0AC
:07671E0004F00266257F0371
:0D6725002212AC7A901A5AE0FEA3E0FF2287
:1083EF007B616C743A20002D2D2D2D2D2D00207CBE
:1083FF007C2073706565643A20002D2D2D2E2D0085
:10840F00207C7C20636F757273653A20002D2D2DB3
:10841F0000207C7C20446972286E6F727468293A40
:10842F002000207C7C204469722852656C6174693D
:10843F007665293A2000207C7C2064697374616E14
:10844F0063653A20002D2D2D2D2E2D00204B6D20F4
:10845F0000207C7C20656C65766174696F6E3A20B4
:10846F0000207D0D0A007B47532D323332422F47B8
:10847F003535303020434D443A2000570020000D51
:0A848F000A0041542B4E414D4500F8
:109F9F00A3F07B017A04790422E4900404F0901A70
:109FAF00A074FFF0A322E0FF901A62E475F0011293
:109FBF0006D1FC746425F0F582741A3CF583EFF03A
:109FCF0022901A5BE475F0011206D1FE745D25F044
:109FDF00F582741A3EF583E4F07B01901AA004F029
:0D9FEF00A3741AF0745DA3F07A04790422C3
:101DCE009016F3E064016003021F67129FA97483EB
:101DDE00F074EF1220CD901C10E0901AA0700C74CD
:101DEE00FFF0A37483F0A374F6800A7401F0A37459
:101DFE001CF0A37410129FA01296AE129FAD7483A6
:101E0E00F074FD1220CD901C1AE0901AA0700C7484
:101E1E00FFF0A37484F0A37409800A7401F0A37414
:101E2E001CF0A3741A129FA01296AE129FAD74846A
:101E3E00F0740F129F9F1296AE901C06E0901AA09F
:101E4E00700C74FFF0A37484F0A3741C800A7401E8
:101E5E00F0A3741CF0A37406129FA01296AE129FEC
:101E6E00AD7484F07420121F687484F07431129F64
:101E7E009F1296AEE4901A62F0A3F0901BDFE0FE84
:101E8E00A3E0FF129FFC901D50129FB5901D5112A2
:101E9E009FB5901D53129FB5901A62E475F0011212
:101EAE0006D1FE746425F0F582741A3EF583E4F0D3
:101EBE007B01901AA004F0A3741AF07464129FF5BB
:101ECE001296AE129FAD7484F0A37445129FA012A9
:101EDE0096AE901BF6E024D6600F242A701A129F3D
:101EEE00AD7484F0A37454801C901AA07401F0A3F6
:101EFE00741BF0A374F7800D901AA07401F0A374F4
:101F0E001BF0A374F6129FA01296AE129FAD7484AE
:101F1E00F0A3745B129FA01296AE129FAD7484F064
:101F2E0074601220121220BC129FA112A9EB129FF4
:101F3E00A87484F0A37475129FA01296AE129FAD72
:101F4E007484F0748A121F687484F0748C122012D8
:091F5E001220BC129FA112A9EB94
:101F670022A3F07B017A0479041296AEE4901A62F8
:101F7700F0A3F0901BC7E0FEA3E0FF129FFC901DAB
:101F870050E0FF901A62E475F0011206D1FC746408
:101F970025F0F582741A3CF583EFF0901D51E0FFB0
:101FA700901A62E475F0011206D1FC746425F0F50D
:101FB70082741A3CF583EFF0901D53E0FF901A628C
:101FC700E475F0011206D1FC746425F0F582741AE9
:101FD7003CF583EFF0901A62E475F0011206D1FE2A
:101FE700746425F0F582741A3EF583E4F07B019062
:101FF7001AA004F0A3741AF0A37464F07A047904A5
:102007001296AE901AA074FFF0A322A3F07B017A78
:102017000479041296AEE4901A62F0A3F0901BC9FB
:10202700E0FEA3E0FF129FFC901D50E0FF901A62B4
:10203700E475F0011206D1FC746425F0F582741A78
:102047003CF583EFF0901D51E0FF901A62E475F0C4
:10205700011206D1FC746425F0F582741A3CF583ED
:10206700EFF0901D53E0FF901A62E475F00112063D
:10207700D1FC746425F0F582741A3CF583EFF09077
:102087001A62E475F0011206D1FE746425F0F58238
:10209700741A3EF583E4F07B01901AA004F0A37450
:1020A7001AF0A37464F07A0479041296AE901AA019
:1020B70074FFF0A3227484F0A37470F07B017A0498
:1020C70079041296AE22A3F07B017A047904129662
:0220D700AE2237
:10718700901663E0640260030272187D277C017F1A
:10719700207E0112917B901A787401F0A3741DF080
:1071A700A3743BF07B017A1B79D5127DA2901A5804
:1071B700EBF0A3EAF0A3E9F0901A58E0FBA3E0FA9A
:1071C700A3E04A4B604B129FA87484F0A3748A1201
:1071D7009FA0127279901BC7127219129FD0129634
:1071E700AE129FAD7484F0A3748C129FA0127279B3
:1071F700901BC9127219129FD01296AE129FAD74CE
:1072070084F0A3748E129FA01296AE129FA112A9AA
:01721700EB8B
:1072180022E0FEA3E0FF129FFC901D50E0FF901AB1
:107228005BE475F0011206D1FC745D25F0F58274FB
:107238001A3CF583EFF0901D51E0FF901A5BE4755E
:10724800F0011206D1FC745D25F0F582741A3CF544
:1072580083EFF0901D53E0FF901A5BE475F0011284
:1072680006D1FC745D25F0F582741A3CF583EFF0C5
:0C727800221296AEE4901A5BF0A3F02204
:10ACA5007F147E0012B1867D0F7C007F087E001226
:10ACB500917B7BFF7A84799112A9EB7B017A1D79CF
:0BACC5003B12A9EB7F147E0002B18659
:05754900901A5FEFF055
:10754E00901664E0FF700302762F6403702F901A7A
:10755E005FE0FF700302762FB4020C124F757B01B1
:10756E007A1C79CD02A9EB901A5FE0B4010F125E7E
:10757E00047B017A1C79CD12A9EB02762C9016644D
:10758E00E06401704B7FC012B440E4FF12B440E4DB
:10759E00901A60F0A3F0900690E0FEA3E0FF901A20
:1075AE0060E0FCA3E0FDC39FEC9E501F74042DF51C
:1075BE008274003CF583E0FF12B440901A61E0043F
:1075CE00F070D3901A60E004F080CB7FC002B4401C
:1075DE00901664E06402701F129FA1FD12552412D2
:1075EE009FA112A9EB901A5FE0FF60356402603133
:1075FE00EF6401702C8027901664E0B404237B01A5
:10760E007A007904900690E0FCA3E0FD12971990A1
:10761E001A5FE0FF600B64026007EFB40103121DF6
:01762E00CE8D
:01762F002238
:10AD6F002D2D002442002C002D2D2D2D2D2D202D8D
:10AD7F002D202D2D2D2E2D202D2D2C0020002D2D75
:07AD8F002D2E2D000D0A001E
:1079A100901AA074FFF0A374ADF0748BA3F07B0167
:1079B1007A04790422E4900404F0901AA074FFF090
:1079C100A322EF2430F07C007D0AAF03AE02120641
:1079D10066ED2430A3F0E4A3F07B01901AA004F03B
:1079E100A322901A78E0FEA3E0FFC322E0FEA3E009
:1079F1002409F582741D3EF583E022E0FEA3E0FF39
:107A01007C007D05120654E42FFFEE3465CF2BCFA9
:107A11003AFE223CF583E4F0901A79E004F02290DA
:107A21001AA07401F0A322E0FAA3E0FB7C007D0A16
:107A3100FFAE02020666E0FCA3E02409F582741D94
:107A41003CF583EF2274ADF0A3747522901A78E0AF
:107A510004F0222410FDE03400CD2FFFED3EFE2284
:107A6100901A5BE004F022E0FAA3E0FBC39405EA7C
:037A71009400225C
:1098C100900562E0700B1279BB74ADF0A3746F80E8
:1098D1004F900563E024D0FFE434FFFE7C007D0A55
:1098E100120654AA06AB07900562E024D0FFE434C7
:1098F100FFFE7D64120654EF2BFFEE3AFE900564E5
:10990100E024D0FDEC34FFFCEF2DFFEE3CFE7B01AB
:109911007A057962125685127A207405F0A3746271
:069921001279AE1296AEB1
:01992700221D
:082BDD00901A76EEF0A3EFF070
:102BE500D39413EE940040037F00221279B674AD9E
:102BF500F074721279AD1296AE901A76127A289008
:102C05001A7E1279C3741AF0A3747EF07A047904DB
:102C15001296AE1279BB127A461279AE122E5B90DD
:102C25001A78127A685019901A761279FC12B04BFC
:102C3500901A78127A37127A1870E4127A4D80DF7A
:102C4500E4901A7AF0A3F0901A7A1279E69405EED8
:102C550094004003022E2B74092F1279F3D3946349
:102C6500400C1279BB74ADF0A37477022E14901A40
:102C75007A1279ED901A7CF0A3E4F0901A78F0A31B
:102C8500F01279E39409EE94005040901A7DE0909B
:102C95001A7C127A5412B04B901A92EFF0700374AA
:102CA50020F0901A92E0FF901A78E0FCA3E0FD2452
:102CB5007EF582741A3CF583EFF0747F2DF58274EE
:102CC5001A127A1470BB127A4D80B6127A20741AD1
:102CD500F0A3747E1279AE1296AE1279A1122E5B14
:102CE5001279E39408EE94005026901A7DE0242092
:102CF500122E43FD24CBF582741B3CF583EFF07453
:102D0500CC2DF582741B127A1470D5127A4D80D0B1
:102D1500E4901A78F0A3F01279E39409EE94005048
:102D250026901A7DE02430122E43FD24BDF58274D1
:102D35001B3CF583EFF074BE2DF582741B127A14DB
:102D450070D5127A4D80D0901A937401F0901BBD06
:102D5500E070047F0180027F00901BCBE070047E51
:102D65000180027E00EE4FFF2003047E0180027E7B
:102D750000EE4F6005E4901A93F0901A93E0B401C9
:102D8500257F011265007F01128DBD901BC7EEF0F6
:102D9500A3EFF0901AD2E0FCA3E0FD12A85C901B13
:102DA500DFEEF0A3EFF0901A93E0901AA0B4010CB7
:102DB5007401F0A3741BF0A374F7800A74FFF0A3E9
:102DC50074ADF0A3748D1279AE1296AE1279A1127C
:102DD50096AE901A93E0B40128901BC7E0FEA3E0DD
:102DE500FF129FFC901D50E0900562F0901D51E090
:102DF500900563F0901D53E0900564F0E4A3F08026
:102E050005E4900562F01298C11279BB127A461258
:102E150079AE1296AE901A7BE004F07006901A7A9D
:102E2500E004F0022C4C1279BB74ADF0A37493123C
:0D2E350079AE1296AE1279AF12A90E7F0190
:102E420022FD901A7CE03400CD2FFFED3EFE12B041
:102E52004B901A78E0FCA3E0221296AEE4901A7826
:042E6200F0A3F022C7
:0832EF00901A59EEF0A3EFF074
:1032F700901704E0B4010E901A59E0FEA3E0FF1204
:103307002BDD7F0022D3901A5AE09413901A59E0CC
:10331700940040037F00221279B674ADF0A3747253
:103327001279AE1296AE901A59127A28901A611233
:1033370079C3741AF0A37461F07A0479041296AE13
:103347001279BB127A461279AE1234FE901A5B12CA
:103357007A68501D901A591279FC12B04B901A5B7B
:10336700127A37F0901A5CE004F070E0127A61800C
:10337700DBE4901A5DF0A3F0901A5D1279E69405EC
:10338700EE940040030234B074092F1279F3D394FA
:1033970063400C1279BB74ADF0A374770234999033
:1033A7001A5D1279ED901A5FF0A3E4F0901A5BF0C2
:1033B700A3F0901A5B1279E69409EE9400504890B6
:1033C7001A60E0901A5F127A5412B04B901A75EF98
:1033D700F070037420F0901A75E0FF901A5BE0FC20
:1033E700A3E0FD2461F582741A3CF583EFF0746263
:1033F7002DF582741A3CF583E4F0901A5CE004F032
:1034070070B0127A6180AB127A20741AF0A37461DB
:103417001279AE1296AE1279A11234FE901A5B128F
:1034270079E69406EE94005010901A60E024291271
:1034370034C870E8127A6180E3900562E024D660B0
:103447000F242A700B1279BB74ADF0A3748D800919
:10345700127A207405F0A374631279AE1296AE1235
:1034670079A11296AEE4901A5BF0A3F0901A5B1262
:1034770079E69403EE94005010901A60E0241A1233
:1034870034C870E8127A6180E31298C11279BB12CE
:103497007A461279AE1296AE901A5EE004F0700684
:1034A700901A5DE004F002337F1279BB74ADF0A38C
:1034B70074931279AE1296AE1279AF12A90E7F01EC
:1034C70022FD901A5FE03400CD2FFFED3EFE12B0D3
:1034D7004B901A5BE0FCA3E0FD2462F58274053C87
:1034E700F583EFF074632DF58274053CF583E4F002
:1034F700901A5CE004F0221296AEE4901A5BF0A3F7
:02350700F022B0
:109301002D2D002D2D2D2D2D2D202D2D002C00202E
:10931100002020006D2F7320200025200043006DC8
:109321006D2000572C002D2D2D2E2D004B6D68200A
:10933100004B6D2C002D2D2D2D2E2D002D2D2D2D85
:109341002D2D004D002D2D402D2D2E2D2D272D00A5
:109351002D2D2D402D2D2E2D2D272D002D2D2D0088
:109361002D2D2D2D2C00244130382C000D0A0024E8
:0C93710043004E4F20444154410D0A00BF
:102E6600901A82E024D0FFE434FFFE7C007D0A1233
:102E76000654AA06AB07901A81E024D0FFE434FF7B
:102E8600FE7D64120654EF2BFFEE3AFE901A83E0A5
:102E960024D0FDEC34FFCD2FCD3EFC1203C3901A97
:102EA6008B1208987F7B7E147DCE7C3F901A8BE038
:102EB600F8A3E0F9A3E0FAA3E0FB12018E7466FB27
:102EC600FAF97840120297E4FBFA79207841120168
:102ED6008E901A8B120898901A8BE0FCA3E0FDA343
:102EE600E0FEA3E0FF1203FCAB07AA067C007D64AC
:102EF6001206667C007D0A120666901A81ED243061
:102F0600F07C007D0AAF03AE021206667C007D0AE5
:102F1600120666ED2430A3F0A3742EF0901A8BE00F
:102F2600FCA3E0FDA3E0FEA3E0FF1203FC7C007D12
:102F36000A120666ED243022901AA074FFF0A374DC
:102F460093F0740EA3F07B017A04790422F583E0F2
:102F5600FD74812EF582E4341AF583EDF074822F28
:102F6600F582E4341AF583E4F0901A80E004F02246
:102F7600900404E4F0901AA074FFF0A322901A675C
:102F8600E0FEA3E0FFC322901A83E024D0FDE434E0
:102F9600FFFC0203C3901AA07401F0A3741AF0A3F5
:102FA600746922901A67E004F022E4901A67F0A38D
:102FB600F02212009D901A8B120898901A8BE0FC52
:102FC600A3E0FDA3E0FEA3E0FF22901A67A3E0249E
:102FD60069F582741A3EF5837420F0901A68E0044D
:102FE600F02279207841E4FBFA02018E901AA0744F
:102FF60001F0A322901A99E02462F582E43405F5E3
:1030060083E022901A80E0FFC3940322901A84F092
:10301600E4A3F0901A81E022901A69EFF0901A6604
:10302600E022EFF0E4A3F0901A69E0901AA022746F
:10303600FFF0A37493F0A3745D22EFF07440A3F045
:10304600901A66E022901A8BE0F8A3E0F9A3E0FA62
:10305600A3E022F0E4A3F07B01901AA004F0A322DF
:10306600901A7DF0A3E004F022EFF07427A3F0900D
:103076001A66E02274692FF582741A3EF583E022FF
:10308600E4FBFA79C8784202018E74622BF58274E9
:10309600053AF58322FF901A98F0A3E004F02290F7
:1030A6001A8B0208987493F0A3740E227493F0A3FB
:0A30B600741022901A7FE0640122DA
:0B8F6100901A80EBF0A3EAF0A3E9F007
:108F6C001205DA7011122F7B7493F07401122F4AD0
:108F7C001296AE7F0022901A80E0FBA3E0FAA3E0E9
:108F8C00F99000011205F324D0FFE434FFFE7C00BD
:108F9C007D0A120654C006C0071205DA24D0FFE47D
:108FAC0034FFFE7D64120654D0E02FFFD0E03EFE6D
:108FBC009000021205F324D0FDEC34FFFCEF2DFFE2
:108FCC00EE3CFE125685901A80123051901AA0C9B0
:0E8FDC00F0A3EAF0A3E9122F4B1296AE7F012C
:018FEA002264
:05AA1E00901A9BEFF00F
:10AA2300602BE4A3F0901A9BE0FFA3E0C39F501DAB
:10AA3300122F7B7493F0A37404122F4B1296AE1251
:0DAA43002F3E1296AE901A9CE004F080D8D1
:01AA500022E3
:106E7B00E4901A99F0A3F0901A80F0A3F0122FFA75
:106E8B0012309BBF3A057F05026EF2901A98E064B0
:106E9B002C601D901A81E004F07006901A80E004BB
:106EAB00F0C3901A81E09414901A80E0940040CDC6
:106EBB00E4901A82F0A3F0E4901A80F0A3F0122F62
:106ECB00FA12309BEF643A702112305D741AF0A302
:106EDB007484F07A0479041296AE122F3E126F78F6
:106EEB00E0FFC374059FFF02AA1E901A98E0B42C12
:106EFB0017122FF2741AF0A37484122F4B1296AE42
:106F0B00122F3E126F788044901A98E0FF901A80EF
:106F1B00E0FCA3E0FD2484F582741A3CF583EFF0CA
:106F2B0074852DF582741A3CF583E4F0901A81E098
:106F3B0004F07006901A80E004F0C3901A81E0947C
:106F4B000C901A80E094005003026EC9901A83E0F3
:106F5B0004F07006901A82E004F0C3901A83E09458
:0C6F6B0005901A82E094005003026EC2F0
:0B6F7700221296AE901A9AE004F0225D
:08937D00901A80EEF0A3EFF05E
:10938500E4900690F0A3F0901A82F0A3F0901A8270
:10939500122F869480EE9400504E901A81E02FFF94
:1093A500901A80E03ECF2480CF3400FE12B04B905F
:1093B5001A84EFF06032E0FF901A82E0FCA3E0240B
:1093C50004F58274003CF583EFF0900691E004F01B
:1093D5007006900690E004F0901A83E004F070ADFA
:1093E500901A82E004F080A57B017A057962E4FD9C
:0393F500025524FA
:1016BF00901B4F122F797493F07410121A07123077
:1016CF0009500EE0FE248BF582E4341B122F538059
:1016DF00ED901A81E0B4300B7420F0A3E0B4300326
:1016EF007420F01219EF122F7B7493F07412121AE8
:1016FF0007123009500EE0FE248FF582E4341B12DE
:10170F002F5380ED122E66123012B430037420F076
:10171F001219EF122F7B7493F07415121A2EE49096
:10172F001A80F0901A80E0FFC39402500EE0FE245E
:10173F00A3F582E4341B122F5380E8122FF2741A90
:10174F00F07481121A2E122F7B7493F0741B121ADD
:10175F004BE4901A80F0123009500EE0FE2497F5FA
:10176F0082E4341B122F5380ED901A81E0642D70A8
:10177F0022A3122F90122FE8C004C005C006C00785
:10178F00122F8DD003D002D001D00012009D120372
:10179F00AD803F901A82122F90122FE8C004C0051F
:1017AF00C006C007901A81122F9079C87842122F65
:1017BF00ECD003D002D001D00012009DC004C005B0
:1017CF00C006C007122F8DD003D002D001D0001257
:1017DF00009D1230A5E4FFFEFD7CC212304BFB12C0
:1017EF00009D7B667A6679E6783F120297122FE8A2
:1017FF001230A5E4FFFEFDFC12304BFB12033450F8
:10180F0011122FC11203AD1230A5901A81742DF051
:10181F008006901A817420F0122FC11203FCAB07BF
:10182F00AA067C007D641206667C007D0A1206669D
:10183F00901A82122F03901A85123059741AF0A33E
:10184F007481F07A1B794F1296AE122F7B7493F03E
:10185F00741E121A4B122F7B1230ABF07B017A1BC6
:10186F00794F1296AEE4901B6DF0901A80F0123003
:10187F0009500EE0FE249BF582E4341B122F538097
:10188F00ED901A82122F90122FE8C004C005C006E7
:10189F00C007901A81122F90123086D003D002D039
:1018AF0001D00012009DC004C005C006C007122F52
:1018BF008DD003D002D001D000122FB87B5C7A8F6D
:1018CF0079227840122ED4123012B430037420F0E3
:1018DF001219D0121A18123009500EE0FE249FF57B
:1018EF0082E4341B122F5380ED901A82122F901224
:1018FF002FE8C004C005C006C007901A81122F90B0
:10190F00123086D003D002D001D00012009DC00447
:10191F00C005C006C007122F8DD003D002D001D052
:10192F0000122FB87B5C7A8F79227840122ED41256
:10193F003012B430037420F01219D0121A1812306A
:10194F0009500EE0FE2493F582E4341B122F5380CE
:10195F00ED122E66123012B430037420F0122FF2F3
:10196F00121A3A122F7B1230B2F07B017A1B796D6B
:10197F001296AEE4901A80F0901A80E0FFC394059F
:10198F00500EE0FE24A6F582E4341B122F5380E89C
:10199F00901A85E0A3F0901A85742EF0E4901A87C0
:1019AF00F0901A81E0B430037420F0122FF2121A63
:1019BF003A122F7B1230ABF07B017A1B796D0296B6
:0119CF00AE69
:1019D000901AA07401F0A3741AF0A37481F07B0133
:1019E0007A1B796D1296AE901AA074FFF0A3229024
:1019F0001AA07401F0A3741AF0A37481F07B017A29
:101A00001B794F1296AE22A3F07B017A1B794F12FD
:101A100096AEE4901A80F0227493F0A37420F07BC9
:101A2000017A1B796D1296AEE4901A80F022A3F031
:101A30007B017A1B794F1296AE22741AF0A374813F
:101A4000F07B017A1B796D1296AE22A3F07B017AAE
:071A50001B794F1296AE2234
:108B6D00EF243FFFE43EFE12B04BEF645F60030263
:108B7D008C02FFFDFC74622F1230000F645F6014D5
:108B8D00D3ED94C6EC9400506C0DBD00010CED645A
:108B9D00C84C70E1E4FCFDEF2DFBE43CFA12309083
:108BAD00E0FE748B2DF582741B3CF583EEF0748C16
:108BBD002DF582741B3CF583E4F00DBD00010CED29
:108BCD0064204C70D21216BF122F7B7493F0A374D5
:108BDD0024122F4B1296AE122FF2741BF0A3744F6A
:108BED00122F4B1296AE122FF2741BF0A3746D124E
:058BFD002F4B1296AEA3
:018C0200224F
:10B21100901BDFE0FCA3E0FDC3901BC8E09D901BE9
:06B22100C7E09C50012271
:01B227002204
:0808D500901A65EEF0A3EFF0AC
:1008DD0012937D901A65E0FEA3E0FF128B6D122F2F
:1008ED00B0122F839409EE94005010901A66E024F4
:1008FD0010120FA270EB122FA980E6120F37122FD4
:10090D00B0122F839405EE94005010901A66E024D7
:10091D0048120FA270EB122FA980E6901A69E070B1
:10092D000B122F7B7493F0A374278020122FB0121B
:10093D002F839402EE9400501012307AB4300A12C4
:10094D002FD070EB122FA980E6122F9B122F4B1276
:10095D0096AE122F7B7493F0A3742D122F4B1210A1
:10096D009A122F839408EE94005029901A66E02471
:10097D00201210D424CBF582741B3CF583EFF07458
:10098D00CC2DF582741B3CF583E4122FE070D2124E
:10099D002FA980CD122FB0122F839409EE94005001
:1009AD0029901A66E024301210D424BDF582741BF0
:1009BD003CF583EFF074BE2DF582741B3CF583E49A
:1009CD00122FE070D2122FA980CD901A7F7401F0F2
:1009DD00901BBDE070047F0180027F00901BCBE077
:1009ED0070047E0180027E00EE4FFF2003047E0125
:1009FD0080027E00EE4F6005E4901A7FF0122FB05A
:100A0D00122F839403EE9400500A120EFB70F11214
:100A1D002FA980EC1210F9122F7B1230B2122F4B2E
:100A2D001296AE901704E0B4012C901A7FE0B40139
:100A3D00257F011265007F01128DBD901BC7EEF061
:100A4D00A3EFF0901AD2E0FCA3E0FD12A85C901B7E
:100A5D00DFEEF0A3EFF0901704E06401706E12303A
:100A6D00B9702B901BDFE0FEA3E0FF129FFC901DE1
:100A7D0050E0901A69F0901D51E0901A6AF0901DA7
:100A8D0053E0901A6BF0E4A3F01210F9800F122FBF
:100A9D007B7493F0A37401122F4B1296AE122F3E5E
:100AAD001296AE901A7FE0901AA0B4010C7401F06A
:100ABD00A3741BF0A374F7800A74FFF0A37493F072
:100ACD00A37427122F4B1296AE020B5C122FB0128D
:100ADD002F839403EE9400500A120F6670F1122FBB
:100AED00A980EC7B017A1A7969128F61122F3E125F
:100AFD00109A122F839406EE94005010901A66E00F
:100B0D002429120FD870EB122FA980E6901A69E0F4
:100B1D0024D66015242A7028122F7B7493F0A374A9
:100B2D0036122F4B1296AE8026901A697420F01251
:100B3D002FF2741AF0A3746A122F4B1296AE800F17
:100B4D00122FF2741AF0A3746A122F4B1296AE1272
:100B5D002F7B7493F0A37432122F4B1296AE122F7B
:100B6D00B0122F839406EE94005010901A66E02474
:100B7D0040120FD870EB122FA980E6901A69E07021
:100B8D000B122F7B7493F0A3743D8020122FB012A3
:100B9D002F839405EE9400501012307AB4300A125F
:100BAD002FD070EB122FA980E6122F9B122F4B1214
:100BBD0096AE122F7B7493F0A37444122F4B1296A2
:100BCD00AE122F3E1296AE122F7B1230B2122F4B59
:100BDD001296AE901A66E0242012104412301E2494
:100BED0021121044901A6A12304024221210509093
:100BFD001A6C1230212423121050901A6DEFF074DC
:100C0D002E123044242512108E901A6F123021248A
:100C1D002612108E901A7012306F24271210A59084
:100C2D001A72123028700C74FFF0A37493F0A37431
:100C3D00468003122F9E122F4B1296AE122F3E128C
:100C4D0096AE901A66E024301210A512301E243193
:100C5D001210BC901A6A12302124321210BC901A54
:100C6D006B12304024331210C8901A6D12302124AB
:100C7D00341210C8901A6EEFF0742E1230732436A1
:100C8D001210ED901A7012302124371210ED901AB7
:100C9D007112306F2438FF901A65E03400FE12B0E7
:100CAD004B901A73123028700C74FFF0A37493F0EC
:100CBD00A374518003122F9E122F4B1296AE122F3A
:100CCD003E1210B1122F839403EE9400500A120EAF
:100CDD00FB70F1122FA980EC12302D7005123035FA
:100CED008003122F9E122F4B1296AE122F3E12968C
:100CFD00AE901704E0640170451230B97009901B75
:100D0D00C712105CF08009122F7B123039F07B0175
:100D1D007A0479041296AE122F3E1296AE1230B9A5
:100D2D007009901BDF12105CF08009122F7B1230BE
:100D3D0039F07B017A0479041296AE020DA8122FB8
:100D4D00B0122F839403EE94005010901A66E02495
:100D5D001A12100E70EB122FA980E612302D7005AD
:100D6D001230358003122F9E122F4B1296AE122F7A
:100D7D003E1210B1122F839403EE9400500A120FFD
:100D8D006670F1122FA980EC12302D7005123035DE
:100D9D008003122F9E122F4B1296AE122F3E1296DB
:100DAD00AE122FB0122F839408EE94005010901AAB
:100DBD0066E0240812100E70EB122FA980E6120FB8
:100DCD0037122FB0122F839408EE94005037901ADB
:100DDD0066E02FFF901A65E03EFE12B04B901A6749
:100DED00E0FCA3E0FD2469F582741A3CF583EFF075
:100DFD00746A2DF582741A3CF583E4122FE070C4E9
:100E0D00122FA980BF122F9B122F4B1296AE122FAD
:100E1D003E1296AE126E7BE4901A7EF0122FB11236
:100E2D002F8394C8EE9400502E901A7E122FFDFD44
:100E3D00123066ED643A601FD3EF94C6EE94004015
:100E4D000C122F7B7493F0A37461020EF4122FE138
:100E5D0070CD122FA980C8122FB0901A7EE0FFFD21
:100E6D00C374C89DFDE49400FC901A67E0FAA3E0FA
:100E7D00FBC39DEA9C505B74622F123000FF123051
:100E8D0066EF604E901A7DE0FF640D6045EFD394E0
:100E9D007E40047F0180027F00901A7DE0C3942084
:100EAD0050047E0180027E00EE4F6006901A7D7424
:100EBD0078F0901A7DE0FF123090EFF074632BF50F
:100ECD008274053AF583E4122FE07003122FA90204
:100EDD000E67122FF27405F0A37462122F4B129647
:0D0EED00AE122F7B1230AB122F4B1296AEBF
:100EFA0022901A66E0243AFD901A65E03400CD2F5C
:100F0A00FFED3EFE12B04B901A67E0FCA3E0FD2411
:100F1A0069F582741A3CF583EFF0746A2DF58274D0
:100F2A001A3CF583E4F0901A68E004F022901AA0C3
:100F3A007401F0A3741AF0A37469F07B017A04793E
:100F4A00041296AE901AA074FFF0A37493F0A374DF
:100F5A000EF07B017A0479041296AE22901A66E0AA
:100F6A00241DFD901A65E03400CD2FFFED3EFE12E0
:100F7A00B04B901A67E0FCA3E0FD2469F582741A6D
:100F8A003CF583EFF0746A2DF582741A3CF583E41C
:100F9A00F0901A68E004F022FD901A65E03400CD62
:100FAA002FFFED3EFE12B04B901A67E0FCA3E0FD66
:100FBA002469F582741A3CF583EFF0746A2DF58280
:100FCA00741A3CF583E4F0901A68E004F022FD906C
:100FDA001A65E03400CD2FFFED3EFE12B04B901A99
:100FEA0067E0FCA3E0FD2469F582741A3CF583EFFF
:100FFA00F0746A2DF582741A3CF583E4F0901A684D
:10100A00E004F022FD901A65E03400CD2FFFED3E9A
:10101A00FE12B04B901A67E0FCA3E0FD2469F5824A
:10102A00741A3CF583EFF0746A2DF582741A3CF554
:10103A0083E4F0901A68E004F022FF901A65E03425
:10104A0000FE12B04B22FF901A65E03400FE12B087
:10105A004B22E0FEA3E0FF129FFC901D50E0901A85
:10106A0069F0901D51E0901A6AF0901D53E0901AB1
:10107A006BF0E4A3F07B01901AA004F0A3741AF0B9
:10108A00A3746922FF901A65E03400FE12B04B2265
:10109A001296AEE4901A67F0A3F022FF901A65E068
:1010AA003400FE12B04B221296AEE4901A67F0A3F7
:1010BA00F022FF901A65E03400FE12B04B22FF9036
:1010CA001A65E03400FE12B04B22FD901A65E03436
:1010DA0000CD2FFFED3EFE12B04B901A67E0FCA345
:1010EA00E0FD22FF901A65E03400FE12B04B227B2D
:0910FA00017A1A7969128F612252
:10AA5100122F767493F0A37467122F4B1296AE7F68
:10AA6100007E6512B04BEF7F00FE1208D5122F7BDE
:10AA71007493F0A3746D122F4B1296AE122F4C02E9
:02AA8100A90E1C
:0881E900901A59EEF0A3EFF02B
:1081F100D39463EE940040037F0022122F76749390
:10820100F0A37470122F4B1296AE901A59E0FAA394
:10821100E0FB7C007D0AFFAE02120666EF2430907F
:108221001A5DF07C007D0AAF03AE02122F37A31254
:108231003059741AF0A3745DF07A0479041296AE81
:10824100122F3E1296AE901A5AE02400FF901A594E
:10825100E03465FE12B04BEF7F00FE901A5BF0A395
:10826100EFF012B04BBFFF0B122F7B7493F0A3748E
:10827100738014901A5BE0FEA3E0FF1208D5122F61
:108281007B7493F0A3746D122F4B1296AE122F4C88
:0582910012A90E7F00A0
:0182960022C5
:10B08300244530310D0A00244530300D0A00244593
:0CB0930030320D0A00244630310D0A0056
:0587CA00901A5DEFF0C4
:1087CF007F017E0012B186901A5DE070059018252A
:1087DF008003901824E0901A5EF0901A5EE0700A01
:1087EF00D2A37BFF7AB079838034901A5EE0640164
:1087FF00700AD2A37BFF7AB079918022901A5EE043
:10880F0064027022D2A37BFF7AB0798312884B7FE8
:10881F00287E0012B186D2A37BFF7AB0799112889D
:10882F004B7F02027549901A5EE0B4030E7F02126D
:0B883F0075497BFF7AB0799812A90EF2
:10884A002212A90E7B017A007904900690A3E0FD1A
:0F885A00126A5B7BFF7AB0798A12A90EC2A32241
:1032DC00411C8600441CA900000000441CAD0000E9
:0232EC000000E0
:105F3300E4FBFA7980901A74E0FCA3E0FDA3E0FE91
:105F4300A3E0FF22E0FCA3E0FDEC1203C3901A7070
:105F5300E0F8A3E0F9A3E0FAA3E0FB222400FFECBE
:105F63003EF0A3EFF0222400FFEC3EF0A3EFF0227B
:105F7300901C9BE0FCA3E0FDE41203C37846E4FB22
:105F8300FAF90202972400FFEC3EF0A3EFF022E0BF
:105F9300FCA3E0FDEC0203C32400FFEC3EF0A3EFFF
:105FA300F02212018E7847E4FBFAF9020297EF4BD5
:105FB300FFEE4AFEED49FDEC48FC22120297A804CD
:105FC300A905AA06AB07227804E0FFE4FCFDFE0264
:105FD300084DE0FBA3E0FAA3E0F9EF120620901AC4
:105FE30076E475F0010206BB2400FFEC3EF0A3EF5C
:105FF300F022E4FBFAF9120297901A700208981241
:10600300009D901A74020898901A75F0A3741CF0FE
:10601300A374B1F022E4FBFA7980020297E0FFE473
:10602300FCFDFE7804020839F583E4F0901A6BE076
:1060330004F022E0FCA3E0FDE40203C3120297E4B0
:10604300FBFA22901A780208982400FFEC3EF0A392
:0D605300EFF022F0A3742EF0901D53E02218
:0EB34200000075109075119DD511FDD510FA03
:01B3500022DA
:07B3CD00D2A212B3D4D2C1D9
:05B3D400007F19DFFEFF
:01B3D9002251
:0DB3DA0012B3CDC2A212B3D4C2C102B3D4CB
:0AB41D00C2A212B3CFD2A202B3D430
:0CB3F300A20692A212B3CFC2C102B3D4D2
:10B2770012B3CDA2A2C2C112B3D420D7037F012239
:03B287007F002223
:02AEB400AE07E7
:10AEB600E4FDEE25E0FE92A212B3CFC2C112B3D4D6
:10AEC6000DEDB408ED12B277BF01037F01227F00BA
:01AED6002259
:10AE2700E4FED2A2FDEE25E0FED2C112B3D4A2A267
:10AE3700E4334EFE12B3D4C2C112B3D40DEDB4083D
:03AE4700E4AF066F
:01AE4A0022E5
:09955B00901A74EBF0AC07AA05AC
:1095640012B3DAEC25E0FF12AEB4EF70037F0322EE
:10957400AF0212AEB4EF70037F012212B3DAAF046C
:10958400EF25E004FF12AEB4EF70037F0222901ABD
:1095940074E0B4010612AE27A38022E4FC901A748E
:1095A400E014FFECC39F500F12AE27A3125FD5C285
:1095B4000612B3F30C80E612AE27901A75125FD52B
:0A95C400D20612B3F312B41D7F05A6
:0195CE00227A
:10AB4300AE07AC0512B3DAAF06EF25E0FF12AEB4E1
:10AB5300EF7002FF22AF0412AEB4EF7002FF22AF18
:0FAB63000312AEB4EF7002FF2212B41D7F012265
:06673200901A6C12089899
:10673800901A6C125F3BEC1203BE7846126018C0C8
:1067480004C005C006C007901C9B126036E4FBFA23
:1067580079807844125FBED007D006D005D00412E5
:106768000099C004C005C006C007901C9F125F9224
:10677800D003D002D001D00012018E901A701208F6
:1067880098901A6C125F3BEC1203BE7848125F8136
:10679800C004C005C006C007125F73125FC1D007EE
:1067A800D006D005D004120099C004C005C006C0A8
:1067B80007901A6C125F3BEC1203BE7848125FAA6E
:1067C800C004C005C006C007125F73125FC1D007BE
:1067D800D006D005D004120099D003D002D001D041
:1067E8000012018EC004C005C006C007901CA31289
:1067F8005F92D003D002D001D00012018E901A749B
:10680800120898901A74125F3B901A70125F531214
:10681800009D1203FC901CC9120898901A74125F0C
:106828003B901A70125F5312009DE4FBFA79A0782E
:0E6838004512603F7920784112018E0203FC68
:063B0C00901A6C120898EB
:103B1200901CC9125F3BEC1203BEE4FBFAF9784039
:103B220012603F797A78C712009D125FFC901C9D4B
:103B3200125F92C004C005C006C007901A70125FDF
:103B42003BA804A905AA06FB12018ED003D002D01D
:103B520001D000125FA5126005901A74125F53C063
:103B620000C001C002C003901C99125F4712018E6F
:103B7200E4FBFAF9784012018ED003D002D001D0D2
:103B820000126002901C97125F92E4FBFA7980782F
:103B92004712018EC004C005C006C0077840125FFC
:103BA20033120297D003D002D001D00012600290EB
:103BB2001C95125F4712018E125F5012018EE4FBB8
:103BC200FAF97849120297C004C005C006C00790EE
:103BD2001C93125F4712018ED003D002D001D00095
:103BE20012009D7849125FF5E4FBFAF97847901AC2
:103BF20070125F3B12603F7980783F12009DC004D3
:103C0200C005C006C007901C91126036D003D002D6
:103C1200D001D00012018E125FFCE4FFFEFDFC1207
:103C22005F501203347005FFFEFDFC22901A6C12E5
:103C32005F3BEC1203BE125FC1E4FFFE7D807C4954
:103C42001200991260467845125F33125FBE901AD5
:103C520078125F3B1200997B007A5079C378451243
:103C6200018E125F50120297126046901CA7125FDB
:103C720092901A78125F5312018E901A78125F5343
:103C820012018E784F125FF5901CA5125F92901A66
:103C920078125F53125FA5126005901A78125F5373
:103CA200C000C001C002C003901CA1125F92C004F8
:103CB200C005C006C007125F38125F5012009DD0C7
:103CC20003D002D001D00012009D7841126018D0BA
:103CD20003D002D001D00012009D126046901A78E3
:0F3CE200125F3B1203FCE47B0AFAF9F812A59D6E
:013CF10022B0
:10886900901A757401F0A3741AF0A3746CF07B0666
:108879007DF77F7612955B901A6D125FCAC004C0AE
:1088890005C006C007901A6C780C125FCCD003D0D3
:1088990002D001D000125FB1C004C005C006C007F4
:1088A900901A6E126020D003D002D001D000125F5E
:1088B900B1901CA9120898901A70125FCAC004C01E
:1088C90005C006C007901A6FE0FFE4FCFDFE780CB6
:1088D90012084DD003D002D001D000125FB1C004FC
:1088E900C005C006C007901A71126020D003D002DB
:0D88F900D001D000125FB1901CAD020898B4
:10391F00C20FE4901CB1F07B010412600B7DD07FCD
:10392F007612955B901CB1E0645860037F0022749F
:10393F000112600B7B187D887F7612955B901CB20D
:10394F00E0FE901CB1E07C00901C9B125F5F901C0E
:10395F00B4E0FE901CB3E0901C9F125F5F901CB60A
:10396F00E0FE901CB5E0901CA3125F69901CB8E0BC
:10397F00FE901CB7E0901C91125F69901CBAE0FE9C
:10398F00901CB9E0901C93125F88901CBCE0FE90D5
:10399F001CBBE0901C95125F88901CBEE0FE901C33
:1039AF00BDE0901C97125F9B901CC0E0FE901CBF67
:1039BF00E0901C99125F9B901CC2E0FE901CC1E02E
:1039CF00901C9D125FEB901CC4E0FE901CC3E09016
:1039DF001CA1125FEB901CC6E0FE901CC5E0901C72
:1039EF00A512604C901CC8E0FE901CC7E0901CA76D
:1039FF0012604C7B317DF47F7612AB4312B34212CF
:103A0F008869901CAD125F3B126732EC1203BE90B7
:103A1F001A63120898901CA9125F3B123B0CEC1210
:103A2F0003BE901A67120898E4901A6BF0901A6B05
:103A3F00E0FFC3940A500D74872FF582E4341C12F3
:103A4F00602B80E9E4FFFEFDFC901A63125F5312B6
:103A5F000334901C875014742DF0901A63125F3B3F
:103A6F001203AD901A6312089880037420F0901A15
:103A7F0063125F3B1203FC129FFC901D50E0901CE1
:103A8F0088F0901D51E0901C89126056901C8BF0AD
:103A9F00E4A3F0901C88E0B430037420F0E4901A93
:103AAF006BF0901A6BE0FFC3940A500D747C2FF5E6
:103ABF0082E4341C12602B80E9901A67125F3B126C
:103ACF0003FC129FFC901D52E0901C7CF0901D4F48
:103ADF00E0901C7DF0901D50E0901C7EF0901D51E9
:103AEF00E0901C7F126056901C81F0E4A3F0901CB4
:0C3AFF007CE0B430037420F0D20F7F0193
:013B0B002297
:10009600020468E86480F8E933E83360110460F02C
:1000A600ED33EC337009E8FCE9FDEAFEEBFF2204D0
:1000B60060DED3EB9FEA9EE99DE8C2E78CF0C2F7CB
:1000C60095F0400CE8CCF8E9CDF9EACEFAEBCFFB97
:1000D60012043385D0F05804700320D5B3E80470B9
:1000E600075002B2D502047292D5EC0460F7E4CC54
:1000F600C0E0C398F8603B94186008400DD0E0FB60
:1001060002044AE4FBFAC9FC8028E830E406E4C9A4
:10011600FBE4CAFCE830E305E4C9CACBFCE85407B3
:100126006010F8C3E913F9EA13FAEB13FBEC13FCBE
:10013600D8F130F52FC3E49CFCEF9BFFEE9AFEED61
:1001460099FDD0E0FBEF4E4D4C701222DB0302040A
:100156006FEC2CFCEF33FFEE33FEED33FDED30E7B5
:10016600EB02044AEF2BFFEE3AFEED39FDD0E0FB41
:1001760050130BBB0003020472ED13FDEE13FEEFEA
:0801860013FFEC13FC02044A14
:10018E00EC4D6011E8497017ED33EC3304600DE46B
:10019E00FCFFFEFD22E933E8330470F80204681216
:1001AE00043358046009E4CC248150062850090217
:1001BE00047228400302046FC0E0EB4A7044B98019
:1001CE0006D0E0FB02045EEF4E701CBD8008EBFF14
:1001DE00EAFEE9FD80EBE98DF0A4FEE5F002027780
:1001EE00E9CDF9EAFEEBFFEF89F0A4FCE5F0CE894C
:1001FE00F0A42EFFE435F0CD89F0A42DFEE435F009
:10020E008067EF4E7005BD80D780C3EF8BF0A4AC36
:10021E00F0EE8BF0A42CFCE435F0F8EF8AF0A42C71
:10022E00E5F038FCE433CB8DF0A42CFCE5F03BF884
:10023E00EE8AF0A42CFCE5F038F8E433CF89F0A474
:10024E002CFCE5F038CF3400CE89F0A42FFFE5F07A
:10025E003EFEE433C98DF0A42EFEE5F039CD8AF0D2
:10026E00A42FFFE5F03EFEE43DFD33D0E0FB50074A
:10027E000BBB000F020472EC2CFCEF33FFEE33FECF
:06028E00ED33FD02044AFD
:10029400020472EC5D046005E8590470030204680A
:1002A400120433580460F6EC4860F2EC7004FDFE6E
:1002B400FF22C860DB2481C85009C398600250063D
:1002C40002046F9850CAF582E9294B4A7005AB8243
:1002D40002045E75F0007C1A7880C3EF9BEE9AED01
:1002E40099400DC3EF9BFFEE9AFEED99FDE842F0B5
:1002F400DC23ACF0D0E0FFD0E0FED0E0FDAB822008
:10030400E7101BEB60BAEC2CFCEF33FFEE33FEED91
:1003140033FD02044AE803F830E705C0F075F00045
:10032400EF2FFFEE33FEED33FD40B830E7C280AA75
:1003340074F8CC6480CCC86480C8F58204604FC370
:10034400EB9FF5F0EA9E42F0E99D42F0E89C45F00F
:10035400603C501DE5825FFFE582D313CB5BCBF499
:100364002B5582FB50280ABA002409B900200880C2
:100374001DE5825BFBE582D313CF5FCFF4C3132F5C
:100384005582FF50090EBE00050DBD00010CC3EBE4
:100394009FF5F0EA9E42F0E99D42F0E89C45F0604A
:0903A40007CC4820E701B3EC226C
:1003AD00ED33EC33600A047003BD8004ECB2E7FC5E
:0103BD00221D
:1003BE0075F020800E75F010800575F0087D007EBA
:1003CE00007F003392D530D503120804EC33401071
:1003DE00EF33FFEE33FEED33FDEC33FCD5F0ED22C3
:0E03EE00E5F0247EA2D513CC92E7CDCEFF22FF
:1003FC00EDD2E7CD33EC3392D524814006E4FFFEF9
:10040C00FDFC22FCE4CFCECDCC24E0501174FF8057
:10041C00EDC3CC13CCCD13CDCE13CECF13CF0470F4
:07042C00F030D5DE020804E8
:1083430002046822EDA2E7D2E7F9EC3340F260F3CE
:10835300B4FF08ED547F70E8020472F82481C2E090
:10836300C0E0F40428FAC313FCED92E7FD901AC4AD
:10837300120898EEA2E7E9BA7F02C313340094000F
:10838300FA75F091A4E5F013F494FE8AF0A433E5B2
:10839300F033248CD313FDE492E7FE7F007C3F751A
:1083A3008302ECC0E0F8EDC0E0F9EEC0E0FAEFC004
:1083B300E0FB8583F0901AC412086085F0831202F3
:1083C30097D0E0FBD0E0FAD0E0F9D0E0F812009DBE
:1083D300ED6480FD30E7011CD583C7ED33CC33F862
:0C83E300D0E0A2E71328C313CC13FD2246
:10890600901AB7120898901ABBE0F8A3E0F9A3E012
:10891600FAA3E0FB901AB7E0FCA3E0FDA3E0FEA3F8
:10892600E0FF1202971263FE901AB7120898901A87
:10893600BBE030E759901AB7E0FCA3E0FDA3E0FEE8
:10894600A3E0FFECC0E0EDC0E0EEC0E0EFC0E0E485
:10895600FFFEFDFC901AB7E0F8A3E0F9A3E0FAA346
:10896600E0FB1203347BDB600250087A0F7949780A
:108976004080067A0F794978C0D0E0FFD0E0FED07B
:10898600E0FDD0E0FC12009D901AB7120898901AEC
:0D899600B7E0FCA3E0FDA3E0FEA3E0FF229C
:104C67003A70FA83BCAAE9E43E81E0F8BF9DE9E621
:104C77003F80000039283C1ABB9969663DA335E39C
:104C8700BF255DE73FC90FDB418DDBCCC44936EE5D
:104C970045C9913FC5B0F83D3F800000C317F534C3
:104CA700452FFA73C60AFDDD124D7004A2E1920684
:104CB7001420E015904C6774041204978030124D4D
:104CC7007030E102B20620E0EBA883A982901AC4F3
:104CD70012089889828883904C7B74041204978504
:104CE70082F0901AC412087C85F08212018EED4C76
:104CF7006007300604EC6480FC22124D70C0E0A807
:104D070083A982901AC412089889828883904C9F3D
:104D170074031204978582F0901AC412087C85F0F8
:104D27008212018E901AC4E0CCF0A3E0CDF0A3E08C
:104D3700CEF0A3E0CFF0904C8F7403120497D0828B
:104D47008582F0901AC412087C85F082E58230E0F3
:104D570007120297B2068096EFCBFFEECAFEEDC9A7
:104D6700FDECC8FC1202978085ED33EC547FCC3301
:104D7700920624605007D0E0D0E00204687B837A73
:104D8700F97922783E12018EEDF933ECF83324815C
:104D97005011EFFBEEFA1203FC1203BEECB2E7FC74
:104DA70012009DED33EC33602F2403F8C313FCEDA1
:104DB70092E7FDE82481E4501FECF8EDF9EEFAEFF5
:104DC700FB1203FCEF04C2E0FCF5821203C8ECB24D
:104DD700E7FC12009DE58203FAED33EC336007141C
:084DE70013FCED92E7FDEA2246
:1063DE00BE1249253E4CCCCDBEAAAAAB3F800000D2
:1063EE003E7ADBB03EED63383F24BC7D3F490FDB88
:1063FE00ED33ECC2E7CC339206B4FF13ED547F605D
:10640E00030204687FDB7E0F7DC97C3F0264F3C20A
:10641E0007C3947F401E7007EDD2E794904015EFAE
:10642E00FBEEFAEDF9ECF87F007E007D807C3F12EA
:10643E000297D207ED33EC33248430E705E4C0E055
:10644E00806B04FAEDD2E754F0C333DAFD5407340F
:10645E00002323C0E0CCC0E0F8EDC0E0F9EEC0E0D0
:10646E00FAEFC0E0FBE41203C8EC24FEFC901AC461
:10647E0012089812018E7B007A007980783F120004
:10648E009D901AC4E0B2E7CCF0A3E0CDF0A3E0CE2D
:10649E00F0A3E0CFF0D0E0FBD0E0FAD0E0F9D0E00E
:1064AE00F812009D901AC412087C120297901AC41A
:1064BE001208989063DE7403120497901AC412089F
:1064CE007C12018ED0E0600F24EAF582E43463F58D
:1064DE008312088812009D30070B7BDB7A0F79C977
:1064EE0078BF12009DED33EC336006ECA20692E706
:0264FE00FC227E
:10A8D300ECC0E0F8EDC0E0F9EEC0E0FAEFC0E0FB59
:10A8E30012018EEC6480FC7B007A007980783F1241
:10A8F300009D128347D0E0CFFBD0E0CEFAD0E0CD6D
:0BA90300F9D0E0CCF81202970263FECE
:10728400901AC412089874FFFFFEFDFC901AC4E023
:10729400F8A3E0F9A3E0FAA3E0FBC31208286038DE
:1072A4007F807E967D187C4B901AC4E0F8A3E0F9A9
:1072B400A3E0FAA3E0FB1203346002501B7F807E3C
:1072C400967D187CCB901AC4E0F8A3E0F9A3E0FA09
:1072D400A3E0FB120334500F901AC4E0FCA3E0FDBA
:1072E400A3E0FEA3E0FF22901AC4E0FCA3E0FDA308
:1072F400E0FEA3E0FF1203FC901AC8120898901A4B
:10730400C8E0FCA3E0FDA3E0FEA3E0FFEC1203BE93
:10731400C8ECC8C9EDC9CAEECACBEFCB901AC4E019
:10732400FCA3E0FDA3E0FEA3E0FF120099E4FBFA56
:10733400F9F812033460264024901AC8E0FCA3E054
:10734400FDA3E0FEA3E0FFEF24FFFFEE34FFFEED1C
:1073540034FFFDEC34FFFC901AC8120898901AC848
:10736400E0FCA3E0FDA3E0FEA3E0FFEC1203BE22D9
:1053BE00901AC4120898E4FFFE7D807C3F901AC4B8
:1053CE00E0F8A3E0F9A3E0FAA3E0FB1203347006C1
:1053DE00901AC4025518901AC4E0FCA3E0FDA3E095
:1053EE00FEA3E0FF12047DFBA3E0FCA3E0FDA3E01F
:1053FE00FEA3E0FF12047DFFB40108E4FFFE7D80F2
:10540E007C3F22EF64046029EB64046024EBB4015A
:10541E0030E4FFFEFDFC901AC8E0F8A3E0F9A3E02B
:10542E00FAA3E0FB12033460084006E4FFFEFDFC25
:10543E0022901AC81208A4FFFFFFFF901AC8025547
:10544E0018E4901ACCF0A3F0FFFEFDFC901AC4E015
:10545E00F8A3E0F9A3E0FAA3E0FB120334505F9047
:10546E001AC8E0FCA3E0FDA3E0FEA3E0FF1203FCDC
:10547E00901ACCEEF0A3EFF0FDCCEECCEC1203C301
:10548E00C8ECC8C9EDC9CAEECACBEFCB901AC8E0BA
:10549E00FCA3E0FDA3E0FEA3E0FF120099E4FBFAFB
:1054AE00F9F8120334708A901AC4E0FCA3E0FDA34D
:1054BE00E0FEA3E0FF1203AD901AC4120898901AF2
:1054CE00C4E0FCA3E0FDA3E0FEA3E0FF1262E990BE
:1054DE001AC8E0F8A3E0F9A3E0FAA3E0FB12018EEC
:1054EE001289DB901AC8120898901ACDE030E01796
:1054FE00901AC8E0FCA3E0FDA3E0FEA3E0FF1203B8
:10550E00AD901AC8120898901AC8E0FCA3E0FDA34B
:06551E00E0FEA3E0FF2205
:10043300E9D2E7C933E833F892D5EDD2E7CD33EC0F
:0704430033FC5002B2D52288
:10044A00EC30E7100FBF000C0EBE00080DBD000413
:10045A000BEB6014A2D5EB13FCED92E7FD2274FFBF
:10046A00FCFDFEFF22E480F8A2D574FF13FC7D8018
:03047A00E480EF2C
:10047D00ED33EC33601004700FED547F7005740292
:0A048D0092E0227404220422E4220B
:10049700C0E0EFFBEEFAEDF9ECF812018ED0E0F5D3
:1004A700F0EFFBEEFAEDF9ECF812086CA3A3A3A3A7
:1004B700E8C0E0E9C0E0EAC0E0EBC0E0C0F012014C
:1004C7008E120888A3A3A3A312009DD0F0D0E0FB4F
:0D04D700D0E0FAD0E0F9D0E0F8D5F0D42262
:1089A30033DA929E35B16011377FE5FE3921848930
:1089B3003AAEC3FF3C1D955B3D6358473E75FDF0E2
:1089C3003F3172183F800000C2D50204720204686E
:1089D300BD80FA50F302046FED33EC330460F17B96
:1089E3003B7AAA79B8783F12018EED33EC3392D5F6
:1089F300247B5011A2D570DB500BED44802404502E
:108A030004A2D580CEEFFBEEFAEDF9ECF81203FCED
:108A1300EFF582F404FC1203C812009DC082908912
:108A2300A374091204A6ED33CC33D0F092D525F00C
:0A8A3300A2D57001C313CC13FD227D
:1062B5003E9248DA3ECCCCCD3F2AAAAB4000000046
:1062C5003F8000003F9837F03FB504F33FD744FCCB
:1062D5003E3172173EB172173F0515913EDE5BD90F
:1062E500D2068002C206EDD2E7F8CD33EC33047056
:1062F5000BBD800592D502047202046840FBD314DD
:1063050060F2F5F07C3FEE7A00C39496C8948B401A
:10631500230AC89469C8941A401A0AC89468C8948C
:106325001F40110AC8945AC89425400805F07A0000
:10633500CDC2E7CDC0F0901ACE120898EA2323C04B
:10634500E024C5F582E43462F58312088812009DC5
:10635500ECC0E0EDC0E0EEC0E0EFC0E012086C90EC
:106365001ACE12087C120099D0E0FBD0E0FAD0E0FA
:10637500F9D0E0B2E7F8120297901ACE1208989079
:1063850062B57403120497901ACE12087C12018E1E
:10639500D0E0600F24D1F582E43462F583120888D9
:1063A50012009D901ACE120898D0E0C3947FFDE4A8
:1063B5009400FC1203C37B187A727931783F12017D
:1063C5008E901ACE12087C12009D30060B7BD97A6E
:0963D5005B79DE783E12018E2294
:03000000028E4A23
:0C8E4A00787FE4F6D8FD758121028E913E
:1004E400E709F608DFFA8046E709F208DFFA803EFA
:1004F40088828C83E709F0A3DFFA8032E309F608E7
:10050400DFFA8078E309F208DFFA807088828C834E
:10051400E309F0A3DFFA806489828A83E0A3F60802
:10052400DFFA805889828A83E0A3F208DFFA804CDC
:1005340080D280FA80C680D4806980F280338010B3
:1005440080A680EA809A80A880DA80E280CA80331C
:1005540089828A83ECFAE493A3C8C582C8CCC58394
:10056400CCF0A3C8C582C8CCC583CCDFE9DEE78064
:100574000D89828A83E493A3F608DFF9ECFAA9F0E3
:10058400EDFB2289828A83ECFAE0A3C8C582C8CC39
:10059400C583CCF0A3C8C582C8CCC583CCDFEADE52
:1005A400E880DB89828A83E493A3F208DFF980CCB4
:1005B40088F0EF60010E4E60C388F0ED2402B404AD
:1005C4000050B9F582EB2402B4040050AF23234554
:0605D40082239005347340
:1005DA00BB010689828A83E0225002E722BBFE021F
:0905EA00E32289828A83E4932252
:1005F300BB010CE58229F582E5833AF583E02250BD
:1006030006E92582F8E622BBFE06E92582F8E22206
:0D061300E58229F582E5833AF583E4932220
:10062000BB010689828A83F0225002F722BBFE01B9
:02063000F322B3
:10063200F8BB010DE58229F582E5833AF583E8F0FE
:10064200225006E92582C8F622BBFE05E92582C8AA
:02065200F22292
:10065400EF8DF0A4A8F0CF8CF0A428CE8DF0A42EBA
:02066400FE2274
:10066600BC000BBE0029EF8DF084FFADF022E4CC78
:10067600F875F008EF2FFFEE33FEEC33FCEE9DEC41
:10068600984005FCEE9DFE0FD5F0E9E4CEFD22ED87
:10069600F8F5F0EE8420D21CFEADF075F008EF2FD1
:1006A600FFED33FD4007985006D5F0F222C398FDC2
:0506B6000FD5F0EA225F
:1006BB00C5F0F8A3E028F0C5F0F8E58215827002CA
:0606CB001583E038F02267
:1006D100A3F8E0C5F025F0F0E582158270021583DC
:0606E100E0C838F0E82239
:1006E700E88FF0A4CC8BF0A42CFCE98EF0A42CFCB2
:1006F7008AF0EDA42CFCEA8EF0A4CDA8F08BF0A430
:100707002DCC3825F0FDE98FF0A42CCD35F0FCEB8E
:100717008EF0A4FEA9F0EB8FF0A4CFC5F02ECD3953
:0F072700FEE43CFCEAA42DCE35F0FDE43CFC22C0
:1007360075F008758200EF2FFFEE33FECD33CDCC7A
:1007460033CCC58233C5829BED9AEC99E5829840FD
:100756000CF582EE9BFEED9AFDEC99FC0FD5F0D6DA
:10076600E4CEFBE4CDFAE4CCF9A88222B800C1B904
:100776000059BA002DEC8BF084CFCECDFCE5F0CB42
:10078600F97818EF2FFFEE33FEED33FDEC33FCEB7B
:1007960033FB10D703994004EB99FB0FD8E5E4F936
:1007A600FA227818EF2FFFEE33FEED33FDEC33FC23
:1007B600C933C910D7059BE99A4007EC9BFCE99A17
:1007C600F90FD8E0E4C9FAE4CCFB2275F010EF2F5C
:1007D600FFEE33FEED33FDCC33CCC833C810D7075C
:1007E6009BEC9AE899400AED9BFDEC9AFCE899F897
:0E07F6000FD5F0DAE4CDFBE4CCFAE4C8F9222A
:10A59D00C2D5E830E70FB2D5E4C39BFBE49AFAE4E9
:10A5AD0099F9E498F8EC30E717B2D512A5D3120754
:10A5BD0072E4C39BFBE49AFAE499F9E498F88003FA
:10A5CD0012077230D50DE4C39FFFE49EFEE49DFD9E
:04A5DD00E49CFC22DC
:0E080400C3E49FFFE49EFEE49DFDE49CFC2205
:10081200EB9FF5F0EA9E42F0E99D42F0EC6480C85D
:0608220064809845F022FD
:10082800EB9FF5F0EA9E42F0E99D42F0E89C45F026
:01083800229D
:10083900E86010ECA2E713FCED13FDEE13FEEF13D5
:04084900FFD8F022C2
:10084D00E8600FEFC333FFEE33FEED33FDEC33FC09
:03085D00D8F122AD
:0C086000E0FCA3E0FDA3E0FEA3E0FF220B
:10086C00E493FC740193FD740293FE740393FF22D2
:0C087C00E0F8A3E0F9A3E0FAA3E0FB22FF
:10088800E493F8740193F9740293FA740393FB22C6
:0C089800ECF0A3EDF0A3EEF0A3EFF022D3
:1008A400A8828583F0D083D0821208BB1208BB12C1
:1008B40008BB1208BBE473E493A3C583C5F0C583E6
:1008C400C8C582C8F0A3C583C5F0C583C8C582C89E
:0108D4002201
:1096AE00901A9DEBF0A3EAF0A3E9F0901AA3EBF069
:1096BE00A3EAF0A3E9F0901A9DE0FBA3E475F00194
:1096CE001206D1A9F0FA1205DA70EB901A9E74FF09
:1096DE00F5F01206BB901AA0E0FBA3E475F00112A0
:1096EE0006D1A9F0FA1205DAFF901A9DE0FBA3E469
:1096FE0075F0011206D1A9F0FAEF12062070D6907D
:0B970E001AA3E0FBA3E0FAA3E0F9229D
:107DA200901A75EBF0A3EAF0A3E9F0A3E0FBA3E0DD
:107DB200FAA3E0F91205DA7003027E4E901A75E01A
:107DC200FBA3E0FAA3E0F91205DA7003027E5A90EF
:107DD2001A78E0F9A3E0FAA3E0A3C9F0A3EAF0A3BA
:107DE200E9F0901A75A3E0FAA3E0F9901A7EEBF09D
:107DF200A3EAF0A3E9F0901A7BE0FBA3E0FAA3E088
:107E0200F91205DAFF6026901A7EE0FBA3E0FAA3DE
:107E1200E0F91205DA6F7015901A7C75F0011206FE
:107E2200BB901A7FE475F0011206BB80C9901A7BE1
:107E3200E0FBA3E0FAA3E0F91205DA7002800D90EC
:107E42001A76E475F0011206BB027DBE901A75E047
:0F7E5200FBA3E0FAA3E0F9227B007A007900227B
:108E560002A512E493A3F8E493A34003F68001F27B
:108E660008DFF48029E493A3F85407240CC8C3331D
:108E7600C4540F4420C8834004F456800146F6DFEC
:108E8600E4800B01020408102040809030C0E47E8C
:108E9600019360BCA3FF543F30E509541FFEE493E1
:108EA600A360010ECF54C025E060A840B8E493A3A8
:108EB600FAE493A3F8E493A3C8C582C8CAC583CAD3
:108EC600F0A3C8C582C8CAC583CADFE9DEE780BE8B
:0132EE0000DF
:00000001FF
